,mean_fit_time,mean_score_time,mean_test_score,mean_train_score,param_clf__C,param_clf__kernel,param_union__charngrams__reduce_dim__n_components,param_union__funcwords__reduce_dim__n_components,param_union__posngrams__tfidf__ngram_range,param_union__wordngrams__reduce_dim__n_components,param_union__wordngrams__tfidf__ngram_range,params,rank_test_score,split0_test_score,split0_train_score,split1_test_score,split1_train_score,split2_test_score,split2_train_score,split3_test_score,split3_train_score,split4_test_score,split4_train_score,std_fit_time,std_score_time,std_test_score,std_train_score
0,26.778996181488036,3.438418960571289,0.10620756547041707,0.1105726440619836,0.1,rbf,100,50,"(1, 1)",100,"(1, 1)","{'union__posngrams__tfidf__ngram_range': (1, 1), 'union__wordngrams__tfidf__ngram_range': (1, 1), 'union__wordngrams__reduce_dim__n_components': 100, 'union__funcwords__reduce_dim__n_components': 50, 'clf__C': 0.1, 'union__charngrams__reduce_dim__n_components': 100, 'clf__kernel': 'rbf'}",85,0.1037394451145959,0.10379362670713202,0.10386473429951691,0.10376213592233009,0.11636363636363636,0.13761745983631404,0.10340632603406326,0.10387643852210782,0.10365853658536585,0.1038135593220339,0.8693471774322576,0.029040127454415213,0.005081015977024227,0.013522459486640902
1,29.50048131942749,3.47295880317688,0.10693501454898158,0.11002702417717,0.1,rbf,100,50,"(1, 1)",100,"(2, 2)","{'union__posngrams__tfidf__ngram_range': (1, 1), 'union__wordngrams__tfidf__ngram_range': (2, 2), 'union__wordngrams__reduce_dim__n_components': 100, 'union__funcwords__reduce_dim__n_components': 50, 'clf__C': 0.1, 'union__charngrams__reduce_dim__n_components': 100, 'clf__kernel': 'rbf'}",41,0.1037394451145959,0.10379362670713202,0.10386473429951691,0.10376213592233009,0.12,0.13488936041224614,0.10340632603406326,0.10387643852210782,0.10365853658536585,0.1038135593220339,1.267450574221407,0.06189485571063173,0.006535201557693956,0.012431224246528216
2,34.7235324382782,4.269433879852295,0.1066925315227934,0.11069389292527547,0.1,rbf,100,50,"(1, 1)",200,"(1, 1)","{'union__posngrams__tfidf__ngram_range': (1, 1), 'union__wordngrams__tfidf__ngram_range': (1, 1), 'union__wordngrams__reduce_dim__n_components': 200, 'union__funcwords__reduce_dim__n_components': 50, 'clf__C': 0.1, 'union__charngrams__reduce_dim__n_components': 100, 'clf__kernel': 'rbf'}",53,0.1037394451145959,0.10379362670713202,0.10386473429951691,0.10376213592233009,0.11878787878787879,0.13822370415277357,0.10340632603406326,0.10387643852210782,0.10365853658536585,0.1038135593220339,2.163257825363371,0.07409877986265359,0.006050446742413617,0.013764956304194938
3,37.481094455718996,4.287717962265015,0.10693501454898158,0.1102695219037538,0.1,rbf,100,50,"(1, 1)",200,"(2, 2)","{'union__posngrams__tfidf__ngram_range': (1, 1), 'union__wordngrams__tfidf__ngram_range': (2, 2), 'union__wordngrams__reduce_dim__n_components': 200, 'union__funcwords__reduce_dim__n_components': 50, 'clf__C': 0.1, 'union__charngrams__reduce_dim__n_components': 100, 'clf__kernel': 'rbf'}",41,0.1037394451145959,0.10379362670713202,0.10386473429951691,0.10376213592233009,0.12,0.1361018490451652,0.10340632603406326,0.10387643852210782,0.10365853658536585,0.1038135593220339,0.3367824901675681,0.08045722647875893,0.006535201557693956,0.012916217592089448
4,26.31858649253845,3.692051124572754,0.1059650824442289,0.11257325030630003,0.1,rbf,100,50,"(2, 2)",100,"(1, 1)","{'union__posngrams__tfidf__ngram_range': (2, 2), 'union__wordngrams__tfidf__ngram_range': (1, 1), 'union__wordngrams__reduce_dim__n_components': 100, 'union__funcwords__reduce_dim__n_components': 50, 'clf__C': 0.1, 'union__charngrams__reduce_dim__n_components': 100, 'clf__kernel': 'rbf'}",102,0.1037394451145959,0.10379362670713202,0.10386473429951691,0.10376213592233009,0.11515151515151516,0.14762049105789632,0.10340632603406326,0.10387643852210782,0.10365853658536585,0.1038135593220339,0.8136919375297157,0.03188860425638004,0.0045963566606247366,0.017523660193465972
5,27.84171290397644,3.8252633094787596,0.1059650824442289,0.11263387473794598,0.1,rbf,100,50,"(2, 2)",100,"(2, 2)","{'union__posngrams__tfidf__ngram_range': (2, 2), 'union__wordngrams__tfidf__ngram_range': (2, 2), 'union__wordngrams__reduce_dim__n_components': 100, 'union__funcwords__reduce_dim__n_components': 50, 'clf__C': 0.1, 'union__charngrams__reduce_dim__n_components': 100, 'clf__kernel': 'rbf'}",102,0.1037394451145959,0.10379362670713202,0.10386473429951691,0.10376213592233009,0.11515151515151516,0.1479236132161261,0.10340632603406326,0.10387643852210782,0.10365853658536585,0.1038135593220339,0.6583545114300553,0.0344364868700907,0.0045963566606247366,0.017644908783146555
6,36.04177627563477,4.497427892684937,0.10572259941804074,0.11257325030630003,0.1,rbf,100,50,"(2, 2)",200,"(1, 1)","{'union__posngrams__tfidf__ngram_range': (2, 2), 'union__wordngrams__tfidf__ngram_range': (1, 1), 'union__wordngrams__reduce_dim__n_components': 200, 'union__funcwords__reduce_dim__n_components': 50, 'clf__C': 0.1, 'union__charngrams__reduce_dim__n_components': 100, 'clf__kernel': 'rbf'}",118,0.1037394451145959,0.10379362670713202,0.10386473429951691,0.10376213592233009,0.11393939393939394,0.14762049105789632,0.10340632603406326,0.10387643852210782,0.10365853658536585,0.1038135593220339,0.9545415211295876,0.038314747802404306,0.004111752345147815,0.017523660193465972
7,39.82707896232605,4.54688138961792,0.10620756547041707,0.11293699689617576,0.1,rbf,100,50,"(2, 2)",200,"(2, 2)","{'union__posngrams__tfidf__ngram_range': (2, 2), 'union__wordngrams__tfidf__ngram_range': (2, 2), 'union__wordngrams__reduce_dim__n_components': 200, 'union__funcwords__reduce_dim__n_components': 50, 'clf__C': 0.1, 'union__charngrams__reduce_dim__n_components': 100, 'clf__kernel': 'rbf'}",85,0.1037394451145959,0.10379362670713202,0.10386473429951691,0.10376213592233009,0.11636363636363636,0.14943922400727494,0.10340632603406326,0.10387643852210782,0.10365853658536585,0.1038135593220339,0.38123825771918646,0.07700896549239021,0.005081015977024227,0.018251151786080298
8,27.03895287513733,3.686351013183594,0.10548011639185258,0.11269449916959196,0.1,rbf,100,50,"(3, 3)",100,"(1, 1)","{'union__posngrams__tfidf__ngram_range': (3, 3), 'union__wordngrams__tfidf__ngram_range': (1, 1), 'union__wordngrams__reduce_dim__n_components': 100, 'union__funcwords__reduce_dim__n_components': 50, 'clf__C': 0.1, 'union__charngrams__reduce_dim__n_components': 100, 'clf__kernel': 'rbf'}",135,0.1037394451145959,0.10379362670713202,0.10386473429951691,0.10376213592233009,0.11272727272727273,0.14822673537435588,0.10340632603406326,0.10387643852210782,0.10365853658536585,0.1038135593220339,0.730058000092909,0.09295105549213231,0.003627225075350725,0.01776615737656177
9,30.036567592620848,3.693649101257324,0.10548011639185258,0.11324011905440552,0.1,rbf,100,50,"(3, 3)",100,"(2, 2)","{'union__posngrams__tfidf__ngram_range': (3, 3), 'union__wordngrams__tfidf__ngram_range': (2, 2), 'union__wordngrams__reduce_dim__n_components': 100, 'union__funcwords__reduce_dim__n_components': 50, 'clf__C': 0.1, 'union__charngrams__reduce_dim__n_components': 100, 'clf__kernel': 'rbf'}",135,0.1037394451145959,0.10379362670713202,0.10386473429951691,0.10376213592233009,0.11272727272727273,0.15095483479842375,0.10340632603406326,0.10387643852210782,0.10365853658536585,0.1038135593220339,0.553331605605217,0.11493938433296419,0.003627225075350725,0.018857394873470733
10,34.972534799575804,4.632213354110718,0.10572259941804074,0.11299762132782169,0.1,rbf,100,50,"(3, 3)",200,"(1, 1)","{'union__posngrams__tfidf__ngram_range': (3, 3), 'union__wordngrams__tfidf__ngram_range': (1, 1), 'union__wordngrams__reduce_dim__n_components': 200, 'union__funcwords__reduce_dim__n_components': 50, 'clf__C': 0.1, 'union__charngrams__reduce_dim__n_components': 100, 'clf__kernel': 'rbf'}",118,0.1037394451145959,0.10379362670713202,0.10386473429951691,0.10376213592233009,0.11393939393939394,0.1497423461655047,0.10340632603406326,0.10387643852210782,0.10365853658536585,0.1038135593220339,1.6213918119569317,0.07848990906288603,0.004111752345147815,0.01837240039706938
11,40.021770334243776,4.67874584197998,0.10548011639185258,0.1136644900759272,0.1,rbf,100,50,"(3, 3)",200,"(2, 2)","{'union__posngrams__tfidf__ngram_range': (3, 3), 'union__wordngrams__tfidf__ngram_range': (2, 2), 'union__wordngrams__reduce_dim__n_components': 200, 'union__funcwords__reduce_dim__n_components': 50, 'clf__C': 0.1, 'union__charngrams__reduce_dim__n_components': 100, 'clf__kernel': 'rbf'}",135,0.1037394451145959,0.10379362670713202,0.10386473429951691,0.10376213592233009,0.11272727272727273,0.15307668990603213,0.10340632603406326,0.10387643852210782,0.10365853658536585,0.1038135593220339,1.5620715504538676,0.029684448311584292,0.003627225075350725,0.019706135322863458
12,29.250692749023436,3.8553683757781982,0.1066925315227934,0.1105120196303376,0.1,rbf,100,100,"(1, 1)",100,"(1, 1)","{'union__posngrams__tfidf__ngram_range': (1, 1), 'union__wordngrams__tfidf__ngram_range': (1, 1), 'union__wordngrams__reduce_dim__n_components': 100, 'union__funcwords__reduce_dim__n_components': 100, 'clf__C': 0.1, 'union__charngrams__reduce_dim__n_components': 100, 'clf__kernel': 'rbf'}",53,0.1037394451145959,0.10379362670713202,0.10386473429951691,0.10376213592233009,0.11878787878787879,0.13731433767808426,0.10340632603406326,0.10387643852210782,0.10365853658536585,0.1038135593220339,1.0728076004777145,0.0892814999909747,0.006050446742413617,0.013401211090200666
13,31.309669399261473,3.895584058761597,0.1066925315227934,0.11033014633539975,0.1,rbf,100,100,"(1, 1)",100,"(2, 2)","{'union__posngrams__tfidf__ngram_range': (1, 1), 'union__wordngrams__tfidf__ngram_range': (2, 2), 'union__wordngrams__reduce_dim__n_components': 100, 'union__funcwords__reduce_dim__n_components': 100, 'clf__C': 0.1, 'union__charngrams__reduce_dim__n_components': 100, 'clf__kernel': 'rbf'}",53,0.1037394451145959,0.10379362670713202,0.10386473429951691,0.10376213592233009,0.11878787878787879,0.13640497120339498,0.10340632603406326,0.10387643852210782,0.10365853658536585,0.1038135593220339,1.8731054624061534,0.06732522921283003,0.006050446742413617,0.013037465952980718
14,37.81104578971863,4.647646856307984,0.10645004849660523,0.11069389292527547,0.1,rbf,100,100,"(1, 1)",200,"(1, 1)","{'union__posngrams__tfidf__ngram_range': (1, 1), 'union__wordngrams__tfidf__ngram_range': (1, 1), 'union__wordngrams__reduce_dim__n_components': 200, 'union__funcwords__reduce_dim__n_components': 100, 'clf__C': 0.1, 'union__charngrams__reduce_dim__n_components': 100, 'clf__kernel': 'rbf'}",70,0.1037394451145959,0.10379362670713202,0.10386473429951691,0.10376213592233009,0.11757575757575757,0.13822370415277357,0.10340632603406326,0.10387643852210782,0.10365853658536585,0.1038135593220339,1.153338976035667,0.04170069014058747,0.005565715926019474,0.013764956304194938
15,42.79294581413269,4.7811461925506595,0.10693501454898158,0.11033014633539975,0.1,rbf,100,100,"(1, 1)",200,"(2, 2)","{'union__posngrams__tfidf__ngram_range': (1, 1), 'union__wordngrams__tfidf__ngram_range': (2, 2), 'union__wordngrams__reduce_dim__n_components': 200, 'union__funcwords__reduce_dim__n_components': 100, 'clf__C': 0.1, 'union__charngrams__reduce_dim__n_components': 100, 'clf__kernel': 'rbf'}",41,0.1037394451145959,0.10379362670713202,0.10386473429951691,0.10376213592233009,0.12,0.13640497120339498,0.10340632603406326,0.10387643852210782,0.10365853658536585,0.1038135593220339,0.8113645144522411,0.03303059794031645,0.006535201557693956,0.013037465952980718
16,30.69443860054016,4.19807071685791,0.10548011639185258,0.11275512360123789,0.1,rbf,100,100,"(2, 2)",100,"(1, 1)","{'union__posngrams__tfidf__ngram_range': (2, 2), 'union__wordngrams__tfidf__ngram_range': (1, 1), 'union__wordngrams__reduce_dim__n_components': 100, 'union__funcwords__reduce_dim__n_components': 100, 'clf__C': 0.1, 'union__charngrams__reduce_dim__n_components': 100, 'clf__kernel': 'rbf'}",135,0.1037394451145959,0.10379362670713202,0.10386473429951691,0.10376213592233009,0.11272727272727273,0.14852985753258563,0.10340632603406326,0.10387643852210782,0.10365853658536585,0.1038135593220339,0.6113183698043261,0.07240472813645968,0.003627225075350725,0.01788740597363566
17,32.72741327285767,4.171908521652222,0.10693501454898158,0.11287637246452982,0.1,rbf,100,100,"(2, 2)",100,"(2, 2)","{'union__posngrams__tfidf__ngram_range': (2, 2), 'union__wordngrams__tfidf__ngram_range': (2, 2), 'union__wordngrams__reduce_dim__n_components': 100, 'union__funcwords__reduce_dim__n_components': 100, 'clf__C': 0.1, 'union__charngrams__reduce_dim__n_components': 100, 'clf__kernel': 'rbf'}",41,0.1037394451145959,0.10379362670713202,0.10386473429951691,0.10376213592233009,0.12,0.14913610184904516,0.10340632603406326,0.10387643852210782,0.10365853658536585,0.1038135593220339,0.9746873394831,0.028054427600929084,0.006535201557693956,0.01812990317846589
18,40.87359690666199,4.956317281723022,0.10572259941804074,0.11269449916959196,0.1,rbf,100,100,"(2, 2)",200,"(1, 1)","{'union__posngrams__tfidf__ngram_range': (2, 2), 'union__wordngrams__tfidf__ngram_range': (1, 1), 'union__wordngrams__reduce_dim__n_components': 200, 'union__funcwords__reduce_dim__n_components': 100, 'clf__C': 0.1, 'union__charngrams__reduce_dim__n_components': 100, 'clf__kernel': 'rbf'}",118,0.1037394451145959,0.10379362670713202,0.10386473429951691,0.10376213592233009,0.11393939393939394,0.14822673537435588,0.10340632603406326,0.10387643852210782,0.10365853658536585,0.1038135593220339,1.5255049299343124,0.07145159237447,0.004111752345147815,0.01776615737656177
19,44.24242429733276,5.026843452453614,0.10645004849660523,0.11330074348605149,0.1,rbf,100,100,"(2, 2)",200,"(2, 2)","{'union__posngrams__tfidf__ngram_range': (2, 2), 'union__wordngrams__tfidf__ngram_range': (2, 2), 'union__wordngrams__reduce_dim__n_components': 200, 'union__funcwords__reduce_dim__n_components': 100, 'clf__C': 0.1, 'union__charngrams__reduce_dim__n_components': 100, 'clf__kernel': 'rbf'}",70,0.1037394451145959,0.10379362670713202,0.10386473429951691,0.10376213592233009,0.11757575757575757,0.15125795695665353,0.10340632603406326,0.10387643852210782,0.10365853658536585,0.1038135593220339,1.3727961088921996,0.0905782760129565,0.005565715926019474,0.0189786435003714
20,31.441044902801515,4.1615368843078615,0.10645004849660523,0.11263387473794598,0.1,rbf,100,100,"(3, 3)",100,"(1, 1)","{'union__posngrams__tfidf__ngram_range': (3, 3), 'union__wordngrams__tfidf__ngram_range': (1, 1), 'union__wordngrams__reduce_dim__n_components': 100, 'union__funcwords__reduce_dim__n_components': 100, 'clf__C': 0.1, 'union__charngrams__reduce_dim__n_components': 100, 'clf__kernel': 'rbf'}",70,0.1037394451145959,0.10379362670713202,0.10386473429951691,0.10376213592233009,0.11757575757575757,0.1479236132161261,0.10340632603406326,0.10387643852210782,0.10365853658536585,0.1038135593220339,0.4541993089293943,0.07572039976893448,0.005565715926019474,0.017644908783146555
21,33.25176076889038,4.124782657623291,0.10620756547041707,0.11348261678098934,0.1,rbf,100,100,"(3, 3)",100,"(2, 2)","{'union__posngrams__tfidf__ngram_range': (3, 3), 'union__wordngrams__tfidf__ngram_range': (2, 2), 'union__wordngrams__reduce_dim__n_components': 100, 'union__funcwords__reduce_dim__n_components': 100, 'clf__C': 0.1, 'union__charngrams__reduce_dim__n_components': 100, 'clf__kernel': 'rbf'}",85,0.1037394451145959,0.10379362670713202,0.10386473429951691,0.10376213592233009,0.11636363636363636,0.15216732343134284,0.10340632603406326,0.10387643852210782,0.10365853658536585,0.1038135593220339,0.5694217943419657,0.026938062932810314,0.005081015977024227,0.01934238939885536
22,40.53677940368652,5.008070659637451,0.1066925315227934,0.11299762132782169,0.1,rbf,100,100,"(3, 3)",200,"(1, 1)","{'union__posngrams__tfidf__ngram_range': (3, 3), 'union__wordngrams__tfidf__ngram_range': (1, 1), 'union__wordngrams__reduce_dim__n_components': 200, 'union__funcwords__reduce_dim__n_components': 100, 'clf__C': 0.1, 'union__charngrams__reduce_dim__n_components': 100, 'clf__kernel': 'rbf'}",53,0.1037394451145959,0.10379362670713202,0.10386473429951691,0.10376213592233009,0.11878787878787879,0.1497423461655047,0.10340632603406326,0.10387643852210782,0.10365853658536585,0.1038135593220339,1.114719237757408,0.04875513492693179,0.006050446742413617,0.01837240039706938
23,44.78514938354492,5.107304668426513,0.10620756547041707,0.1136644900759272,0.1,rbf,100,100,"(3, 3)",200,"(2, 2)","{'union__posngrams__tfidf__ngram_range': (3, 3), 'union__wordngrams__tfidf__ngram_range': (2, 2), 'union__wordngrams__reduce_dim__n_components': 200, 'union__funcwords__reduce_dim__n_components': 100, 'clf__C': 0.1, 'union__charngrams__reduce_dim__n_components': 100, 'clf__kernel': 'rbf'}",85,0.1037394451145959,0.10379362670713202,0.10386473429951691,0.10376213592233009,0.11636363636363636,0.15307668990603213,0.10340632603406326,0.10387643852210782,0.10365853658536585,0.1038135593220339,0.5440099895730859,0.0765304253107762,0.005081015977024227,0.019706135322863458
24,35.54954290390015,4.242967796325684,0.10620756547041707,0.1108151417885674,0.1,rbf,200,50,"(1, 1)",100,"(1, 1)","{'union__posngrams__tfidf__ngram_range': (1, 1), 'union__wordngrams__tfidf__ngram_range': (1, 1), 'union__wordngrams__reduce_dim__n_components': 100, 'union__funcwords__reduce_dim__n_components': 50, 'clf__C': 0.1, 'union__charngrams__reduce_dim__n_components': 200, 'clf__kernel': 'rbf'}",85,0.1037394451145959,0.10379362670713202,0.10386473429951691,0.10376213592233009,0.11636363636363636,0.1388299484692331,0.10340632603406326,0.10387643852210782,0.10365853658536585,0.1038135593220339,0.8103206160830312,0.05543945785407931,0.005081015977024227,0.014007453153223253
25,37.4271719455719,4.3421063899993895,0.10717749757516974,0.11020889747210787,0.1,rbf,200,50,"(1, 1)",100,"(2, 2)","{'union__posngrams__tfidf__ngram_range': (1, 1), 'union__wordngrams__tfidf__ngram_range': (2, 2), 'union__wordngrams__reduce_dim__n_components': 100, 'union__funcwords__reduce_dim__n_components': 50, 'clf__C': 0.1, 'union__charngrams__reduce_dim__n_components': 200, 'clf__kernel': 'rbf'}",35,0.1037394451145959,0.10379362670713202,0.10386473429951691,0.10376213592233009,0.12121212121212122,0.13579872688693542,0.10340632603406326,0.10387643852210782,0.10365853658536585,0.1038135593220339,0.7923206638825352,0.052345293635935715,0.007019975400231318,0.012794969240719945
26,43.94619460105896,4.8546867847442625,0.1066925315227934,0.1109363906518593,0.1,rbf,200,50,"(1, 1)",200,"(1, 1)","{'union__posngrams__tfidf__ngram_range': (1, 1), 'union__wordngrams__tfidf__ngram_range': (1, 1), 'union__wordngrams__reduce_dim__n_components': 200, 'union__funcwords__reduce_dim__n_components': 50, 'clf__C': 0.1, 'union__charngrams__reduce_dim__n_components': 200, 'clf__kernel': 'rbf'}",53,0.1037394451145959,0.10379362670713202,0.10386473429951691,0.10376213592233009,0.11878787878787879,0.13943619278569264,0.10340632603406326,0.10387643852210782,0.10365853658536585,0.1038135593220339,2.3366542437663598,0.041031694760647955,0.006050446742413617,0.01424995003211902
27,46.696191501617434,4.9079419612884525,0.10693501454898158,0.11033014633539975,0.1,rbf,200,50,"(1, 1)",200,"(2, 2)","{'union__posngrams__tfidf__ngram_range': (1, 1), 'union__wordngrams__tfidf__ngram_range': (2, 2), 'union__wordngrams__reduce_dim__n_components': 200, 'union__funcwords__reduce_dim__n_components': 50, 'clf__C': 0.1, 'union__charngrams__reduce_dim__n_components': 200, 'clf__kernel': 'rbf'}",41,0.1037394451145959,0.10379362670713202,0.10386473429951691,0.10376213592233009,0.12,0.13640497120339498,0.10340632603406326,0.10387643852210782,0.10365853658536585,0.1038135593220339,1.3218286825605374,0.05304774301697848,0.006535201557693956,0.013037465952980718
28,37.223445081710814,4.599432706832886,0.1059650824442289,0.11251262587465409,0.1,rbf,200,50,"(2, 2)",100,"(1, 1)","{'union__posngrams__tfidf__ngram_range': (2, 2), 'union__wordngrams__tfidf__ngram_range': (1, 1), 'union__wordngrams__reduce_dim__n_components': 100, 'union__funcwords__reduce_dim__n_components': 50, 'clf__C': 0.1, 'union__charngrams__reduce_dim__n_components': 200, 'clf__kernel': 'rbf'}",102,0.1037394451145959,0.10379362670713202,0.10386473429951691,0.10376213592233009,0.11515151515151516,0.14731736889966657,0.10340632603406326,0.10387643852210782,0.10365853658536585,0.1038135593220339,1.6960226101409244,0.06457307427905751,0.0045963566606247366,0.01740241160759809
29,39.998862981796265,4.601479864120483,0.10620756547041707,0.11324011905440552,0.1,rbf,200,50,"(2, 2)",100,"(2, 2)","{'union__posngrams__tfidf__ngram_range': (2, 2), 'union__wordngrams__tfidf__ngram_range': (2, 2), 'union__wordngrams__reduce_dim__n_components': 100, 'union__funcwords__reduce_dim__n_components': 50, 'clf__C': 0.1, 'union__charngrams__reduce_dim__n_components': 200, 'clf__kernel': 'rbf'}",85,0.1037394451145959,0.10379362670713202,0.10386473429951691,0.10376213592233009,0.11636363636363636,0.15095483479842375,0.10340632603406326,0.10387643852210782,0.10365853658536585,0.1038135593220339,0.2576709367598029,0.07927861551792183,0.005081015977024227,0.018857394873470733
30,45.90422825813293,5.138217639923096,0.1059650824442289,0.11257325030630003,0.1,rbf,200,50,"(2, 2)",200,"(1, 1)","{'union__posngrams__tfidf__ngram_range': (2, 2), 'union__wordngrams__tfidf__ngram_range': (1, 1), 'union__wordngrams__reduce_dim__n_components': 200, 'union__funcwords__reduce_dim__n_components': 50, 'clf__C': 0.1, 'union__charngrams__reduce_dim__n_components': 200, 'clf__kernel': 'rbf'}",102,0.1037394451145959,0.10379362670713202,0.10386473429951691,0.10376213592233009,0.11515151515151516,0.14762049105789632,0.10340632603406326,0.10387643852210782,0.10365853658536585,0.1038135593220339,1.3582199062988447,0.06164128976051561,0.0045963566606247366,0.017523660193465972
31,49.379537153244016,5.2444757461547855,0.10645004849660523,0.11342199234934339,0.1,rbf,200,50,"(2, 2)",200,"(2, 2)","{'union__posngrams__tfidf__ngram_range': (2, 2), 'union__wordngrams__tfidf__ngram_range': (2, 2), 'union__wordngrams__reduce_dim__n_components': 200, 'union__funcwords__reduce_dim__n_components': 50, 'clf__C': 0.1, 'union__charngrams__reduce_dim__n_components': 200, 'clf__kernel': 'rbf'}",70,0.1037394451145959,0.10379362670713202,0.10386473429951691,0.10376213592233009,0.11757575757575757,0.15186420127311306,0.10340632603406326,0.10387643852210782,0.10365853658536585,0.1038135593220339,0.8682973590663178,0.07786192567701777,0.005565715926019474,0.019221140763119794
32,36.97745008468628,4.704536819458008,0.10620756547041707,0.11299762132782169,0.1,rbf,200,50,"(3, 3)",100,"(1, 1)","{'union__posngrams__tfidf__ngram_range': (3, 3), 'union__wordngrams__tfidf__ngram_range': (1, 1), 'union__wordngrams__reduce_dim__n_components': 100, 'union__funcwords__reduce_dim__n_components': 50, 'clf__C': 0.1, 'union__charngrams__reduce_dim__n_components': 200, 'clf__kernel': 'rbf'}",85,0.1037394451145959,0.10379362670713202,0.10386473429951691,0.10376213592233009,0.11636363636363636,0.1497423461655047,0.10340632603406326,0.10387643852210782,0.10365853658536585,0.1038135593220339,0.758829146640067,0.01785705052743689,0.005081015977024227,0.01837240039706938
33,40.50293707847595,4.696146631240845,0.10548011639185258,0.1136644900759272,0.1,rbf,200,50,"(3, 3)",100,"(2, 2)","{'union__posngrams__tfidf__ngram_range': (3, 3), 'union__wordngrams__tfidf__ngram_range': (2, 2), 'union__wordngrams__reduce_dim__n_components': 100, 'union__funcwords__reduce_dim__n_components': 50, 'clf__C': 0.1, 'union__charngrams__reduce_dim__n_components': 200, 'clf__kernel': 'rbf'}",135,0.1037394451145959,0.10379362670713202,0.10386473429951691,0.10376213592233009,0.11272727272727273,0.15307668990603213,0.10340632603406326,0.10387643852210782,0.10365853658536585,0.1038135593220339,0.49571398165159164,0.02834367882537377,0.003627225075350725,0.019706135322863458
34,45.76111631393432,5.184888601303101,0.10572259941804074,0.11336136791769742,0.1,rbf,200,50,"(3, 3)",200,"(1, 1)","{'union__posngrams__tfidf__ngram_range': (3, 3), 'union__wordngrams__tfidf__ngram_range': (1, 1), 'union__wordngrams__reduce_dim__n_components': 200, 'union__funcwords__reduce_dim__n_components': 50, 'clf__C': 0.1, 'union__charngrams__reduce_dim__n_components': 200, 'clf__kernel': 'rbf'}",118,0.1037394451145959,0.10379362670713202,0.10386473429951691,0.10376213592233009,0.11393939393939394,0.15156107911488328,0.10340632603406326,0.10387643852210782,0.10365853658536585,0.1038135593220339,1.1324349139273706,0.05569846122610011,0.004111752345147815,0.019099892130273348
35,50.793691062927245,5.283374547958374,0.1052376333656644,0.11396761223415694,0.1,rbf,200,50,"(3, 3)",200,"(2, 2)","{'union__posngrams__tfidf__ngram_range': (3, 3), 'union__wordngrams__tfidf__ngram_range': (2, 2), 'union__wordngrams__reduce_dim__n_components': 200, 'union__funcwords__reduce_dim__n_components': 50, 'clf__C': 0.1, 'union__charngrams__reduce_dim__n_components': 200, 'clf__kernel': 'rbf'}",144,0.1037394451145959,0.10379362670713202,0.10386473429951691,0.10376213592233009,0.11151515151515151,0.15459230069718097,0.10340632603406326,0.10387643852210782,0.10365853658536585,0.1038135593220339,0.5953744655244377,0.07285573279562503,0.0031428104858458863,0.020312378582539637
36,39.652082681655884,4.754741048812866,0.10693501454898158,0.11069389292527547,0.1,rbf,200,100,"(1, 1)",100,"(1, 1)","{'union__posngrams__tfidf__ngram_range': (1, 1), 'union__wordngrams__tfidf__ngram_range': (1, 1), 'union__wordngrams__reduce_dim__n_components': 100, 'union__funcwords__reduce_dim__n_components': 100, 'clf__C': 0.1, 'union__charngrams__reduce_dim__n_components': 200, 'clf__kernel': 'rbf'}",41,0.1037394451145959,0.10379362670713202,0.10386473429951691,0.10376213592233009,0.12,0.13822370415277357,0.10340632603406326,0.10387643852210782,0.10365853658536585,0.1038135593220339,0.5766995086010441,0.040571663031664915,0.006535201557693956,0.013764956304194938
37,41.50117821693421,4.773947668075562,0.10693501454898158,0.11033014633539975,0.1,rbf,200,100,"(1, 1)",100,"(2, 2)","{'union__posngrams__tfidf__ngram_range': (1, 1), 'union__wordngrams__tfidf__ngram_range': (2, 2), 'union__wordngrams__reduce_dim__n_components': 100, 'union__funcwords__reduce_dim__n_components': 100, 'clf__C': 0.1, 'union__charngrams__reduce_dim__n_components': 200, 'clf__kernel': 'rbf'}",41,0.1037394451145959,0.10379362670713202,0.10386473429951691,0.10376213592233009,0.12,0.13640497120339498,0.10340632603406326,0.10387643852210782,0.10365853658536585,0.1038135593220339,1.3323558891974674,0.05769250409749834,0.006535201557693956,0.013037465952980718
38,47.54342589378357,5.2076277256011965,0.10717749757516974,0.1108151417885674,0.1,rbf,200,100,"(1, 1)",200,"(1, 1)","{'union__posngrams__tfidf__ngram_range': (1, 1), 'union__wordngrams__tfidf__ngram_range': (1, 1), 'union__wordngrams__reduce_dim__n_components': 200, 'union__funcwords__reduce_dim__n_components': 100, 'clf__C': 0.1, 'union__charngrams__reduce_dim__n_components': 200, 'clf__kernel': 'rbf'}",35,0.1037394451145959,0.10379362670713202,0.10386473429951691,0.10376213592233009,0.12121212121212122,0.1388299484692331,0.10340632603406326,0.10387643852210782,0.10365853658536585,0.1038135593220339,1.4035907682185518,0.023073407628194823,0.007019975400231318,0.014007453153223253
39,52.05350914001465,5.190703821182251,0.10693501454898158,0.11020889747210787,0.1,rbf,200,100,"(1, 1)",200,"(2, 2)","{'union__posngrams__tfidf__ngram_range': (1, 1), 'union__wordngrams__tfidf__ngram_range': (2, 2), 'union__wordngrams__reduce_dim__n_components': 200, 'union__funcwords__reduce_dim__n_components': 100, 'clf__C': 0.1, 'union__charngrams__reduce_dim__n_components': 200, 'clf__kernel': 'rbf'}",41,0.1037394451145959,0.10379362670713202,0.10386473429951691,0.10376213592233009,0.12,0.13579872688693542,0.10340632603406326,0.10387643852210782,0.10365853658536585,0.1038135593220339,1.6748444499075776,0.06986699000567612,0.006535201557693956,0.012794969240719945
40,42.24680752754212,5.064747953414917,0.10645004849660523,0.11275512360123789,0.1,rbf,200,100,"(2, 2)",100,"(1, 1)","{'union__posngrams__tfidf__ngram_range': (2, 2), 'union__wordngrams__tfidf__ngram_range': (1, 1), 'union__wordngrams__reduce_dim__n_components': 100, 'union__funcwords__reduce_dim__n_components': 100, 'clf__C': 0.1, 'union__charngrams__reduce_dim__n_components': 200, 'clf__kernel': 'rbf'}",70,0.1037394451145959,0.10379362670713202,0.10386473429951691,0.10376213592233009,0.11757575757575757,0.14852985753258563,0.10340632603406326,0.10387643852210782,0.10365853658536585,0.1038135593220339,0.387708120860702,0.08293871469995756,0.005565715926019474,0.01788740597363566
41,43.80758137702942,5.026215982437134,0.1066925315227934,0.11330074348605149,0.1,rbf,200,100,"(2, 2)",100,"(2, 2)","{'union__posngrams__tfidf__ngram_range': (2, 2), 'union__wordngrams__tfidf__ngram_range': (2, 2), 'union__wordngrams__reduce_dim__n_components': 100, 'union__funcwords__reduce_dim__n_components': 100, 'clf__C': 0.1, 'union__charngrams__reduce_dim__n_components': 200, 'clf__kernel': 'rbf'}",53,0.1037394451145959,0.10379362670713202,0.10386473429951691,0.10376213592233009,0.11878787878787879,0.15125795695665353,0.10340632603406326,0.10387643852210782,0.10365853658536585,0.1038135593220339,1.0239404438304214,0.0435716945540947,0.006050446742413617,0.0189786435003714
42,49.878901958465576,5.440081214904785,0.1059650824442289,0.11281574803288383,0.1,rbf,200,100,"(2, 2)",200,"(1, 1)","{'union__posngrams__tfidf__ngram_range': (2, 2), 'union__wordngrams__tfidf__ngram_range': (1, 1), 'union__wordngrams__reduce_dim__n_components': 200, 'union__funcwords__reduce_dim__n_components': 100, 'clf__C': 0.1, 'union__charngrams__reduce_dim__n_components': 200, 'clf__kernel': 'rbf'}",102,0.1037394451145959,0.10379362670713202,0.10386473429951691,0.10376213592233009,0.11515151515151516,0.1488329796908154,0.10340632603406326,0.10387643852210782,0.10365853658536585,0.1038135593220339,0.449530237676838,0.06845150477602187,0.0045963566606247366,0.01800865457429435
43,54.7900851726532,5.382647705078125,0.1066925315227934,0.11348261678098934,0.1,rbf,200,100,"(2, 2)",200,"(2, 2)","{'union__posngrams__tfidf__ngram_range': (2, 2), 'union__wordngrams__tfidf__ngram_range': (2, 2), 'union__wordngrams__reduce_dim__n_components': 200, 'union__funcwords__reduce_dim__n_components': 100, 'clf__C': 0.1, 'union__charngrams__reduce_dim__n_components': 200, 'clf__kernel': 'rbf'}",53,0.1037394451145959,0.10379362670713202,0.10386473429951691,0.10376213592233009,0.11878787878787879,0.15216732343134284,0.10340632603406326,0.10387643852210782,0.10365853658536585,0.1038135593220339,1.2531440398100162,0.06029517522091547,0.006050446742413617,0.01934238939885536
44,43.06663656234741,5.094926404953003,0.10645004849660523,0.11317949462275956,0.1,rbf,200,100,"(3, 3)",100,"(1, 1)","{'union__posngrams__tfidf__ngram_range': (3, 3), 'union__wordngrams__tfidf__ngram_range': (1, 1), 'union__wordngrams__reduce_dim__n_components': 100, 'union__funcwords__reduce_dim__n_components': 100, 'clf__C': 0.1, 'union__charngrams__reduce_dim__n_components': 200, 'clf__kernel': 'rbf'}",70,0.1037394451145959,0.10379362670713202,0.10386473429951691,0.10376213592233009,0.11757575757575757,0.150651712640194,0.10340632603406326,0.10387643852210782,0.10365853658536585,0.1038135593220339,0.6568912452380724,0.069226797824329,0.005565715926019474,0.018736146249629628
45,44.574571752548216,5.120250463485718,0.1059650824442289,0.1136644900759272,0.1,rbf,200,100,"(3, 3)",100,"(2, 2)","{'union__posngrams__tfidf__ngram_range': (3, 3), 'union__wordngrams__tfidf__ngram_range': (2, 2), 'union__wordngrams__reduce_dim__n_components': 100, 'union__funcwords__reduce_dim__n_components': 100, 'clf__C': 0.1, 'union__charngrams__reduce_dim__n_components': 200, 'clf__kernel': 'rbf'}",102,0.1037394451145959,0.10379362670713202,0.10386473429951691,0.10376213592233009,0.11515151515151516,0.15307668990603213,0.10340632603406326,0.10387643852210782,0.10365853658536585,0.1038135593220339,1.260546481949281,0.0393442558023347,0.0045963566606247366,0.019706135322863458
46,49.809358310699466,5.481042289733887,0.10572259941804074,0.11342199234934339,0.1,rbf,200,100,"(3, 3)",200,"(1, 1)","{'union__posngrams__tfidf__ngram_range': (3, 3), 'union__wordngrams__tfidf__ngram_range': (1, 1), 'union__wordngrams__reduce_dim__n_components': 200, 'union__funcwords__reduce_dim__n_components': 100, 'clf__C': 0.1, 'union__charngrams__reduce_dim__n_components': 200, 'clf__kernel': 'rbf'}",118,0.1037394451145959,0.10379362670713202,0.10386473429951691,0.10376213592233009,0.11393939393939394,0.15186420127311306,0.10340632603406326,0.10387643852210782,0.10365853658536585,0.1038135593220339,1.4858763250311788,0.07492596736251247,0.004111752345147815,0.019221140763119794
47,54.04733581542969,5.46727409362793,0.10572259941804074,0.1141494855290948,0.1,rbf,200,100,"(3, 3)",200,"(2, 2)","{'union__posngrams__tfidf__ngram_range': (3, 3), 'union__wordngrams__tfidf__ngram_range': (2, 2), 'union__wordngrams__reduce_dim__n_components': 200, 'union__funcwords__reduce_dim__n_components': 100, 'clf__C': 0.1, 'union__charngrams__reduce_dim__n_components': 200, 'clf__kernel': 'rbf'}",118,0.1037394451145959,0.10379362670713202,0.10386473429951691,0.10376213592233009,0.11393939393939394,0.15550166717187025,0.10340632603406326,0.10387643852210782,0.10365853658536585,0.1038135593220339,0.8039748210529457,0.05523973536813941,0.004111752345147815,0.0206761245680918
48,24.63286771774292,3.4239850997924806,0.10620756547041707,0.11045139519869167,1,rbf,100,50,"(1, 1)",100,"(1, 1)","{'union__posngrams__tfidf__ngram_range': (1, 1), 'union__wordngrams__tfidf__ngram_range': (1, 1), 'union__wordngrams__reduce_dim__n_components': 100, 'union__funcwords__reduce_dim__n_components': 50, 'clf__C': 1, 'union__charngrams__reduce_dim__n_components': 100, 'clf__kernel': 'rbf'}",85,0.1037394451145959,0.10379362670713202,0.10386473429951691,0.10376213592233009,0.11636363636363636,0.1370112155198545,0.10340632603406326,0.10387643852210782,0.10365853658536585,0.1038135593220339,0.3061724048710075,0.05745254349136413,0.005081015977024227,0.013279962702285335
49,25.901715660095213,3.4575078010559084,0.1066925315227934,0.11008764860881595,1,rbf,100,50,"(1, 1)",100,"(2, 2)","{'union__posngrams__tfidf__ngram_range': (1, 1), 'union__wordngrams__tfidf__ngram_range': (2, 2), 'union__wordngrams__reduce_dim__n_components': 100, 'union__funcwords__reduce_dim__n_components': 50, 'clf__C': 1, 'union__charngrams__reduce_dim__n_components': 100, 'clf__kernel': 'rbf'}",53,0.1037394451145959,0.10379362670713202,0.10386473429951691,0.10376213592233009,0.11878787878787879,0.1351924825704759,0.10340632603406326,0.10387643852210782,0.10365853658536585,0.1038135593220339,0.8863858261787846,0.057425710144571665,0.006050446742413617,0.012552472567649953
50,33.282162761688234,4.193423080444336,0.1066925315227934,0.1108151417885674,1,rbf,100,50,"(1, 1)",200,"(1, 1)","{'union__posngrams__tfidf__ngram_range': (1, 1), 'union__wordngrams__tfidf__ngram_range': (1, 1), 'union__wordngrams__reduce_dim__n_components': 200, 'union__funcwords__reduce_dim__n_components': 50, 'clf__C': 1, 'union__charngrams__reduce_dim__n_components': 100, 'clf__kernel': 'rbf'}",53,0.1037394451145959,0.10379362670713202,0.10386473429951691,0.10376213592233009,0.11878787878787879,0.1388299484692331,0.10340632603406326,0.10387643852210782,0.10365853658536585,0.1038135593220339,1.588958627447679,0.05036928590505067,0.006050446742413617,0.014007453153223253
51,36.90611953735352,4.352169036865234,0.10693501454898158,0.1102695219037538,1,rbf,100,50,"(1, 1)",200,"(2, 2)","{'union__posngrams__tfidf__ngram_range': (1, 1), 'union__wordngrams__tfidf__ngram_range': (2, 2), 'union__wordngrams__reduce_dim__n_components': 200, 'union__funcwords__reduce_dim__n_components': 50, 'clf__C': 1, 'union__charngrams__reduce_dim__n_components': 100, 'clf__kernel': 'rbf'}",41,0.1037394451145959,0.10379362670713202,0.10386473429951691,0.10376213592233009,0.12,0.1361018490451652,0.10340632603406326,0.10387643852210782,0.10365853658536585,0.1038135593220339,1.593669007044351,0.07635862420929895,0.006535201557693956,0.012916217592089448
52,26.445732259750365,3.703908681869507,0.1059650824442289,0.11233075257971623,1,rbf,100,50,"(2, 2)",100,"(1, 1)","{'union__posngrams__tfidf__ngram_range': (2, 2), 'union__wordngrams__tfidf__ngram_range': (1, 1), 'union__wordngrams__reduce_dim__n_components': 100, 'union__funcwords__reduce_dim__n_components': 50, 'clf__C': 1, 'union__charngrams__reduce_dim__n_components': 100, 'clf__kernel': 'rbf'}",102,0.1037394451145959,0.10379362670713202,0.10386473429951691,0.10376213592233009,0.11515151515151516,0.14640800242497726,0.10340632603406326,0.10387643852210782,0.10365853658536585,0.1038135593220339,0.9941026624648125,0.12418394903335143,0.0045963566606247366,0.01703866587368453
53,28.157402515411377,3.742440605163574,0.10620756547041707,0.11287637246452982,1,rbf,100,50,"(2, 2)",100,"(2, 2)","{'union__posngrams__tfidf__ngram_range': (2, 2), 'union__wordngrams__tfidf__ngram_range': (2, 2), 'union__wordngrams__reduce_dim__n_components': 100, 'union__funcwords__reduce_dim__n_components': 50, 'clf__C': 1, 'union__charngrams__reduce_dim__n_components': 100, 'clf__kernel': 'rbf'}",85,0.1037394451145959,0.10379362670713202,0.10386473429951691,0.10376213592233009,0.11636363636363636,0.14913610184904516,0.10340632603406326,0.10387643852210782,0.10365853658536585,0.1038135593220339,0.8362327702818158,0.054448347617904035,0.005081015977024227,0.01812990317846589
54,35.983247423171996,4.61753511428833,0.10548011639185258,0.11251262587465409,1,rbf,100,50,"(2, 2)",200,"(1, 1)","{'union__posngrams__tfidf__ngram_range': (2, 2), 'union__wordngrams__tfidf__ngram_range': (1, 1), 'union__wordngrams__reduce_dim__n_components': 200, 'union__funcwords__reduce_dim__n_components': 50, 'clf__C': 1, 'union__charngrams__reduce_dim__n_components': 100, 'clf__kernel': 'rbf'}",135,0.1037394451145959,0.10379362670713202,0.10386473429951691,0.10376213592233009,0.11272727272727273,0.14731736889966657,0.10340632603406326,0.10387643852210782,0.10365853658536585,0.1038135593220339,0.9471088399372306,0.05446046015170522,0.003627225075350725,0.01740241160759809
55,40.154846334457396,4.692051124572754,0.10572259941804074,0.11293699689617576,1,rbf,100,50,"(2, 2)",200,"(2, 2)","{'union__posngrams__tfidf__ngram_range': (2, 2), 'union__wordngrams__tfidf__ngram_range': (2, 2), 'union__wordngrams__reduce_dim__n_components': 200, 'union__funcwords__reduce_dim__n_components': 50, 'clf__C': 1, 'union__charngrams__reduce_dim__n_components': 100, 'clf__kernel': 'rbf'}",118,0.1037394451145959,0.10379362670713202,0.10386473429951691,0.10376213592233009,0.11393939393939394,0.14943922400727494,0.10340632603406326,0.10387643852210782,0.10365853658536585,0.1038135593220339,0.9792183674155552,0.03476429058959793,0.004111752345147815,0.018251151786080298
56,27.084682178497314,3.787571573257446,0.10645004849660523,0.11269449916959196,1,rbf,100,50,"(3, 3)",100,"(1, 1)","{'union__posngrams__tfidf__ngram_range': (3, 3), 'union__wordngrams__tfidf__ngram_range': (1, 1), 'union__wordngrams__reduce_dim__n_components': 100, 'union__funcwords__reduce_dim__n_components': 50, 'clf__C': 1, 'union__charngrams__reduce_dim__n_components': 100, 'clf__kernel': 'rbf'}",70,0.1037394451145959,0.10379362670713202,0.10386473429951691,0.10376213592233009,0.11757575757575757,0.14822673537435588,0.10340632603406326,0.10387643852210782,0.10365853658536585,0.1038135593220339,0.7233583527893362,0.05324615222233445,0.005565715926019474,0.01776615737656177
57,28.884800338745116,3.779988241195679,0.10572259941804074,0.11317949462275956,1,rbf,100,50,"(3, 3)",100,"(2, 2)","{'union__posngrams__tfidf__ngram_range': (3, 3), 'union__wordngrams__tfidf__ngram_range': (2, 2), 'union__wordngrams__reduce_dim__n_components': 100, 'union__funcwords__reduce_dim__n_components': 50, 'clf__C': 1, 'union__charngrams__reduce_dim__n_components': 100, 'clf__kernel': 'rbf'}",118,0.1037394451145959,0.10379362670713202,0.10386473429951691,0.10376213592233009,0.11393939393939394,0.150651712640194,0.10340632603406326,0.10387643852210782,0.10365853658536585,0.1038135593220339,1.0121772915106808,0.08954450393015391,0.004111752345147815,0.018736146249629628
58,35.69650316238403,4.617743682861328,0.10645004849660523,0.11311887019111362,1,rbf,100,50,"(3, 3)",200,"(1, 1)","{'union__posngrams__tfidf__ngram_range': (3, 3), 'union__wordngrams__tfidf__ngram_range': (1, 1), 'union__wordngrams__reduce_dim__n_components': 200, 'union__funcwords__reduce_dim__n_components': 50, 'clf__C': 1, 'union__charngrams__reduce_dim__n_components': 100, 'clf__kernel': 'rbf'}",70,0.1037394451145959,0.10379362670713202,0.10386473429951691,0.10376213592233009,0.11757575757575757,0.15034859048196422,0.10340632603406326,0.10387643852210782,0.10365853658536585,0.1038135593220339,1.1967276577769712,0.06901607030420613,0.005565715926019474,0.018614897628907858
59,40.511190366745,4.650507211685181,0.10548011639185258,0.11336136791769742,1,rbf,100,50,"(3, 3)",200,"(2, 2)","{'union__posngrams__tfidf__ngram_range': (3, 3), 'union__wordngrams__tfidf__ngram_range': (2, 2), 'union__wordngrams__reduce_dim__n_components': 200, 'union__funcwords__reduce_dim__n_components': 50, 'clf__C': 1, 'union__charngrams__reduce_dim__n_components': 100, 'clf__kernel': 'rbf'}",135,0.1037394451145959,0.10379362670713202,0.10386473429951691,0.10376213592233009,0.11272727272727273,0.15156107911488328,0.10340632603406326,0.10387643852210782,0.10365853658536585,0.1038135593220339,0.7590762453262442,0.08103505720566696,0.003627225075350725,0.019099892130273348
60,28.384150743484497,3.893548917770386,0.1066925315227934,0.1105726440619836,1,rbf,100,100,"(1, 1)",100,"(1, 1)","{'union__posngrams__tfidf__ngram_range': (1, 1), 'union__wordngrams__tfidf__ngram_range': (1, 1), 'union__wordngrams__reduce_dim__n_components': 100, 'union__funcwords__reduce_dim__n_components': 100, 'clf__C': 1, 'union__charngrams__reduce_dim__n_components': 100, 'clf__kernel': 'rbf'}",53,0.1037394451145959,0.10379362670713202,0.10386473429951691,0.10376213592233009,0.11878787878787879,0.13761745983631404,0.10340632603406326,0.10387643852210782,0.10365853658536585,0.1038135593220339,0.7656892874608385,0.048542846866704764,0.006050446742413617,0.013522459486640902
61,30.39124140739441,3.871063566207886,0.10693501454898158,0.10990577531387809,1,rbf,100,100,"(1, 1)",100,"(2, 2)","{'union__posngrams__tfidf__ngram_range': (1, 1), 'union__wordngrams__tfidf__ngram_range': (2, 2), 'union__wordngrams__reduce_dim__n_components': 100, 'union__funcwords__reduce_dim__n_components': 100, 'clf__C': 1, 'union__charngrams__reduce_dim__n_components': 100, 'clf__kernel': 'rbf'}",41,0.1037394451145959,0.10379362670713202,0.10386473429951691,0.10376213592233009,0.12,0.1342831160957866,0.10340632603406326,0.10387643852210782,0.10365853658536585,0.1038135593220339,0.8846427960833592,0.059081748821059106,0.006535201557693956,0.012188727636644484
62,37.81321325302124,4.764643621444702,0.1074199806013579,0.11075451735692143,1,rbf,100,100,"(1, 1)",200,"(1, 1)","{'union__posngrams__tfidf__ngram_range': (1, 1), 'union__wordngrams__tfidf__ngram_range': (1, 1), 'union__wordngrams__reduce_dim__n_components': 200, 'union__funcwords__reduce_dim__n_components': 100, 'clf__C': 1, 'union__charngrams__reduce_dim__n_components': 100, 'clf__kernel': 'rbf'}",33,0.1037394451145959,0.10379362670713202,0.10386473429951691,0.10376213592233009,0.12242424242424242,0.13852682631100333,0.10340632603406326,0.10387643852210782,0.10365853658536585,0.1038135593220339,1.4305329686192352,0.03294830337268229,0.0075047645828024085,0.013886204724877862
63,42.06754593849182,4.759565782546997,0.10717749757516974,0.11002702417717,1,rbf,100,100,"(1, 1)",200,"(2, 2)","{'union__posngrams__tfidf__ngram_range': (1, 1), 'union__wordngrams__tfidf__ngram_range': (2, 2), 'union__wordngrams__reduce_dim__n_components': 200, 'union__funcwords__reduce_dim__n_components': 100, 'clf__C': 1, 'union__charngrams__reduce_dim__n_components': 100, 'clf__kernel': 'rbf'}",35,0.1037394451145959,0.10379362670713202,0.10386473429951691,0.10376213592233009,0.12121212121212122,0.13488936041224614,0.10340632603406326,0.10387643852210782,0.10365853658536585,0.1038135593220339,0.9796489636093942,0.03247635706687566,0.007019975400231318,0.012431224246528216
64,27.40332646369934,3.674941301345825,0.10572259941804074,0.11251262587465409,1,rbf,100,100,"(2, 2)",100,"(1, 1)","{'union__posngrams__tfidf__ngram_range': (2, 2), 'union__wordngrams__tfidf__ngram_range': (1, 1), 'union__wordngrams__reduce_dim__n_components': 100, 'union__funcwords__reduce_dim__n_components': 100, 'clf__C': 1, 'union__charngrams__reduce_dim__n_components': 100, 'clf__kernel': 'rbf'}",118,0.1037394451145959,0.10379362670713202,0.10386473429951691,0.10376213592233009,0.11393939393939394,0.14731736889966657,0.10340632603406326,0.10387643852210782,0.10365853658536585,0.1038135593220339,7.031741654833751,1.065042225847226,0.004111752345147815,0.01740241160759809
65,14.901119709014893,1.5615214347839355,0.10645004849660523,0.11311887019111362,1,rbf,100,100,"(2, 2)",100,"(2, 2)","{'union__posngrams__tfidf__ngram_range': (2, 2), 'union__wordngrams__tfidf__ngram_range': (2, 2), 'union__wordngrams__reduce_dim__n_components': 100, 'union__funcwords__reduce_dim__n_components': 100, 'clf__C': 1, 'union__charngrams__reduce_dim__n_components': 100, 'clf__kernel': 'rbf'}",70,0.1037394451145959,0.10379362670713202,0.10386473429951691,0.10376213592233009,0.11757575757575757,0.15034859048196422,0.10340632603406326,0.10387643852210782,0.10365853658536585,0.1038135593220339,0.09757658755492228,0.010099927087778456,0.005565715926019474,0.018614897628907858
66,19.10095682144165,1.8745785236358643,0.1059650824442289,0.11275512360123789,1,rbf,100,100,"(2, 2)",200,"(1, 1)","{'union__posngrams__tfidf__ngram_range': (2, 2), 'union__wordngrams__tfidf__ngram_range': (1, 1), 'union__wordngrams__reduce_dim__n_components': 200, 'union__funcwords__reduce_dim__n_components': 100, 'clf__C': 1, 'union__charngrams__reduce_dim__n_components': 100, 'clf__kernel': 'rbf'}",102,0.1037394451145959,0.10379362670713202,0.10386473429951691,0.10376213592233009,0.11515151515151516,0.14852985753258563,0.10340632603406326,0.10387643852210782,0.10365853658536585,0.1038135593220339,0.4431033229641507,0.010140276450184137,0.0045963566606247366,0.01788740597363566
67,20.220941591262818,1.890833282470703,0.1066925315227934,0.11293699689617576,1,rbf,100,100,"(2, 2)",200,"(2, 2)","{'union__posngrams__tfidf__ngram_range': (2, 2), 'union__wordngrams__tfidf__ngram_range': (2, 2), 'union__wordngrams__reduce_dim__n_components': 200, 'union__funcwords__reduce_dim__n_components': 100, 'clf__C': 1, 'union__charngrams__reduce_dim__n_components': 100, 'clf__kernel': 'rbf'}",53,0.1037394451145959,0.10379362670713202,0.10386473429951691,0.10376213592233009,0.11878787878787879,0.14943922400727494,0.10340632603406326,0.10387643852210782,0.10365853658536585,0.1038135593220339,0.18284926475349908,0.009601151115575584,0.006050446742413617,0.018251151786080298
68,14.306257057189942,1.5734419345855712,0.10620756547041707,0.11275512360123789,1,rbf,100,100,"(3, 3)",100,"(1, 1)","{'union__posngrams__tfidf__ngram_range': (3, 3), 'union__wordngrams__tfidf__ngram_range': (1, 1), 'union__wordngrams__reduce_dim__n_components': 100, 'union__funcwords__reduce_dim__n_components': 100, 'clf__C': 1, 'union__charngrams__reduce_dim__n_components': 100, 'clf__kernel': 'rbf'}",85,0.1037394451145959,0.10379362670713202,0.10386473429951691,0.10376213592233009,0.11636363636363636,0.14852985753258563,0.10340632603406326,0.10387643852210782,0.10365853658536585,0.1038135593220339,0.2890313085116061,0.006025669551058882,0.005081015977024227,0.01788740597363566
69,15.035791444778443,1.5822370529174805,0.10645004849660523,0.11336136791769742,1,rbf,100,100,"(3, 3)",100,"(2, 2)","{'union__posngrams__tfidf__ngram_range': (3, 3), 'union__wordngrams__tfidf__ngram_range': (2, 2), 'union__wordngrams__reduce_dim__n_components': 100, 'union__funcwords__reduce_dim__n_components': 100, 'clf__C': 1, 'union__charngrams__reduce_dim__n_components': 100, 'clf__kernel': 'rbf'}",70,0.1037394451145959,0.10379362670713202,0.10386473429951691,0.10376213592233009,0.11757575757575757,0.15156107911488328,0.10340632603406326,0.10387643852210782,0.10365853658536585,0.1038135593220339,0.23335555465463473,0.019251274930973544,0.005565715926019474,0.019099892130273348
70,19.28459768295288,1.8898607730865478,0.1066925315227934,0.11305824575946768,1,rbf,100,100,"(3, 3)",200,"(1, 1)","{'union__posngrams__tfidf__ngram_range': (3, 3), 'union__wordngrams__tfidf__ngram_range': (1, 1), 'union__wordngrams__reduce_dim__n_components': 200, 'union__funcwords__reduce_dim__n_components': 100, 'clf__C': 1, 'union__charngrams__reduce_dim__n_components': 100, 'clf__kernel': 'rbf'}",53,0.1037394451145959,0.10379362670713202,0.10386473429951691,0.10376213592233009,0.11878787878787879,0.15004546832373447,0.10340632603406326,0.10387643852210782,0.10365853658536585,0.1038135593220339,0.40790241474592553,0.008099298539613387,0.006050446742413617,0.01849364901136679
71,20.40223593711853,1.917269515991211,0.1059650824442289,0.11342199234934339,1,rbf,100,100,"(3, 3)",200,"(2, 2)","{'union__posngrams__tfidf__ngram_range': (3, 3), 'union__wordngrams__tfidf__ngram_range': (2, 2), 'union__wordngrams__reduce_dim__n_components': 200, 'union__funcwords__reduce_dim__n_components': 100, 'clf__C': 1, 'union__charngrams__reduce_dim__n_components': 100, 'clf__kernel': 'rbf'}",102,0.1037394451145959,0.10379362670713202,0.10386473429951691,0.10376213592233009,0.11515151515151516,0.15186420127311306,0.10340632603406326,0.10387643852210782,0.10365853658536585,0.1038135593220339,0.3372756072503679,0.01781590296754231,0.0045963566606247366,0.019221140763119794
72,16.056900644302367,1.5574102878570557,0.10620756547041707,0.1108151417885674,1,rbf,200,50,"(1, 1)",100,"(1, 1)","{'union__posngrams__tfidf__ngram_range': (1, 1), 'union__wordngrams__tfidf__ngram_range': (1, 1), 'union__wordngrams__reduce_dim__n_components': 100, 'union__funcwords__reduce_dim__n_components': 50, 'clf__C': 1, 'union__charngrams__reduce_dim__n_components': 200, 'clf__kernel': 'rbf'}",85,0.1037394451145959,0.10379362670713202,0.10386473429951691,0.10376213592233009,0.11636363636363636,0.1388299484692331,0.10340632603406326,0.10387643852210782,0.10365853658536585,0.1038135593220339,0.3496530251762185,0.00774086613319099,0.005081015977024227,0.014007453153223253
73,16.50201210975647,1.556977891921997,0.10693501454898158,0.11014827304046189,1,rbf,200,50,"(1, 1)",100,"(2, 2)","{'union__posngrams__tfidf__ngram_range': (1, 1), 'union__wordngrams__tfidf__ngram_range': (2, 2), 'union__wordngrams__reduce_dim__n_components': 100, 'union__funcwords__reduce_dim__n_components': 50, 'clf__C': 1, 'union__charngrams__reduce_dim__n_components': 200, 'clf__kernel': 'rbf'}",41,0.1037394451145959,0.10379362670713202,0.10386473429951691,0.10376213592233009,0.12,0.13549560472870567,0.10340632603406326,0.10387643852210782,0.10365853658536585,0.1038135593220339,0.4996105672465993,0.006280562057354413,0.006535201557693956,0.01267372089914551
74,20.936181497573852,1.7772467613220215,0.10645004849660523,0.11087576622021333,1,rbf,200,50,"(1, 1)",200,"(1, 1)","{'union__posngrams__tfidf__ngram_range': (1, 1), 'union__wordngrams__tfidf__ngram_range': (1, 1), 'union__wordngrams__reduce_dim__n_components': 200, 'union__funcwords__reduce_dim__n_components': 50, 'clf__C': 1, 'union__charngrams__reduce_dim__n_components': 200, 'clf__kernel': 'rbf'}",70,0.1037394451145959,0.10379362670713202,0.10386473429951691,0.10376213592233009,0.11757575757575757,0.13913307062746286,0.10340632603406326,0.10387643852210782,0.10365853658536585,0.1038135593220339,0.39027187909258004,0.008458871540757413,0.005565715926019474,0.014128701589033817
75,21.84907717704773,1.7956233978271485,0.10717749757516974,0.11033014633539975,1,rbf,200,50,"(1, 1)",200,"(2, 2)","{'union__posngrams__tfidf__ngram_range': (1, 1), 'union__wordngrams__tfidf__ngram_range': (2, 2), 'union__wordngrams__reduce_dim__n_components': 200, 'union__funcwords__reduce_dim__n_components': 50, 'clf__C': 1, 'union__charngrams__reduce_dim__n_components': 200, 'clf__kernel': 'rbf'}",35,0.1037394451145959,0.10379362670713202,0.10386473429951691,0.10376213592233009,0.12121212121212122,0.13640497120339498,0.10340632603406326,0.10387643852210782,0.10365853658536585,0.1038135593220339,0.487883649855342,0.010394082727177414,0.007019975400231318,0.013037465952980718
76,16.896991729736328,1.7402796745300293,0.1059650824442289,0.11239137701136218,1,rbf,200,50,"(2, 2)",100,"(1, 1)","{'union__posngrams__tfidf__ngram_range': (2, 2), 'union__wordngrams__tfidf__ngram_range': (1, 1), 'union__wordngrams__reduce_dim__n_components': 100, 'union__funcwords__reduce_dim__n_components': 50, 'clf__C': 1, 'union__charngrams__reduce_dim__n_components': 200, 'clf__kernel': 'rbf'}",102,0.1037394451145959,0.10379362670713202,0.10386473429951691,0.10376213592233009,0.11515151515151516,0.14671112458320704,0.10340632603406326,0.10387643852210782,0.10365853658536585,0.1038135593220339,0.2411718580483869,0.03794315669952399,0.0045963566606247366,0.017159914447623676
77,18.13236870765686,1.7807796478271485,0.10620756547041707,0.11311887019111362,1,rbf,200,50,"(2, 2)",100,"(2, 2)","{'union__posngrams__tfidf__ngram_range': (2, 2), 'union__wordngrams__tfidf__ngram_range': (2, 2), 'union__wordngrams__reduce_dim__n_components': 100, 'union__funcwords__reduce_dim__n_components': 50, 'clf__C': 1, 'union__charngrams__reduce_dim__n_components': 200, 'clf__kernel': 'rbf'}",85,0.1037394451145959,0.10379362670713202,0.10386473429951691,0.10376213592233009,0.11636363636363636,0.15034859048196422,0.10340632603406326,0.10387643852210782,0.10365853658536585,0.1038135593220339,0.6259178820844675,0.058311490665879956,0.005081015977024227,0.018614897628907858
78,22.360337448120116,1.949131679534912,0.10620756547041707,0.11269449916959196,1,rbf,200,50,"(2, 2)",200,"(1, 1)","{'union__posngrams__tfidf__ngram_range': (2, 2), 'union__wordngrams__tfidf__ngram_range': (1, 1), 'union__wordngrams__reduce_dim__n_components': 200, 'union__funcwords__reduce_dim__n_components': 50, 'clf__C': 1, 'union__charngrams__reduce_dim__n_components': 200, 'clf__kernel': 'rbf'}",85,0.1037394451145959,0.10379362670713202,0.10386473429951691,0.10376213592233009,0.11636363636363636,0.14822673537435588,0.10340632603406326,0.10387643852210782,0.10365853658536585,0.1038135593220339,0.9261958774009873,0.005572525959801541,0.005081015977024227,0.01776615737656177
79,23.1046950340271,1.9634613513946533,0.1059650824442289,0.11342199234934339,1,rbf,200,50,"(2, 2)",200,"(2, 2)","{'union__posngrams__tfidf__ngram_range': (2, 2), 'union__wordngrams__tfidf__ngram_range': (2, 2), 'union__wordngrams__reduce_dim__n_components': 200, 'union__funcwords__reduce_dim__n_components': 50, 'clf__C': 1, 'union__charngrams__reduce_dim__n_components': 200, 'clf__kernel': 'rbf'}",102,0.1037394451145959,0.10379362670713202,0.10386473429951691,0.10376213592233009,0.11515151515151516,0.15186420127311306,0.10340632603406326,0.10387643852210782,0.10365853658536585,0.1038135593220339,0.6380730575825131,0.0108291386593983,0.0045963566606247366,0.019221140763119794
80,17.033644819259642,1.7473691940307616,0.10645004849660523,0.11293699689617576,1,rbf,200,50,"(3, 3)",100,"(1, 1)","{'union__posngrams__tfidf__ngram_range': (3, 3), 'union__wordngrams__tfidf__ngram_range': (1, 1), 'union__wordngrams__reduce_dim__n_components': 100, 'union__funcwords__reduce_dim__n_components': 50, 'clf__C': 1, 'union__charngrams__reduce_dim__n_components': 200, 'clf__kernel': 'rbf'}",70,0.1037394451145959,0.10379362670713202,0.10386473429951691,0.10376213592233009,0.11757575757575757,0.14943922400727494,0.10340632603406326,0.10387643852210782,0.10365853658536585,0.1038135593220339,0.2728482195121057,0.01231822693072687,0.005565715926019474,0.018251151786080298
81,18.14419617652893,1.755558681488037,0.10572259941804074,0.1136644900759272,1,rbf,200,50,"(3, 3)",100,"(2, 2)","{'union__posngrams__tfidf__ngram_range': (3, 3), 'union__wordngrams__tfidf__ngram_range': (2, 2), 'union__wordngrams__reduce_dim__n_components': 100, 'union__funcwords__reduce_dim__n_components': 50, 'clf__C': 1, 'union__charngrams__reduce_dim__n_components': 200, 'clf__kernel': 'rbf'}",118,0.1037394451145959,0.10379362670713202,0.10386473429951691,0.10376213592233009,0.11393939393939394,0.15307668990603213,0.10340632603406326,0.10387643852210782,0.10365853658536585,0.1038135593220339,0.4604755431850226,0.013182048913884598,0.004111752345147815,0.019706135322863458
82,22.161361837387084,1.9640684127807617,0.1059650824442289,0.11324011905440552,1,rbf,200,50,"(3, 3)",200,"(1, 1)","{'union__posngrams__tfidf__ngram_range': (3, 3), 'union__wordngrams__tfidf__ngram_range': (1, 1), 'union__wordngrams__reduce_dim__n_components': 200, 'union__funcwords__reduce_dim__n_components': 50, 'clf__C': 1, 'union__charngrams__reduce_dim__n_components': 200, 'clf__kernel': 'rbf'}",102,0.1037394451145959,0.10379362670713202,0.10386473429951691,0.10376213592233009,0.11515151515151516,0.15095483479842375,0.10340632603406326,0.10387643852210782,0.10365853658536585,0.1038135593220339,0.12766133530039028,0.007911856134332658,0.0045963566606247366,0.018857394873470733
83,23.45381979942322,1.9775571823120117,0.10572259941804074,0.11378573893921909,1,rbf,200,50,"(3, 3)",200,"(2, 2)","{'union__posngrams__tfidf__ngram_range': (3, 3), 'union__wordngrams__tfidf__ngram_range': (2, 2), 'union__wordngrams__reduce_dim__n_components': 200, 'union__funcwords__reduce_dim__n_components': 50, 'clf__C': 1, 'union__charngrams__reduce_dim__n_components': 200, 'clf__kernel': 'rbf'}",118,0.1037394451145959,0.10379362670713202,0.10386473429951691,0.10376213592233009,0.11393939393939394,0.15368293422249166,0.10340632603406326,0.10387643852210782,0.10365853658536585,0.1038135593220339,0.3475121620500023,0.0069739661971811645,0.004111752345147815,0.01994863261902611
84,18.37280249595642,1.724632692337036,0.10717749757516974,0.1105726440619836,1,rbf,200,100,"(1, 1)",100,"(1, 1)","{'union__posngrams__tfidf__ngram_range': (1, 1), 'union__wordngrams__tfidf__ngram_range': (1, 1), 'union__wordngrams__reduce_dim__n_components': 100, 'union__funcwords__reduce_dim__n_components': 100, 'clf__C': 1, 'union__charngrams__reduce_dim__n_components': 200, 'clf__kernel': 'rbf'}",35,0.1037394451145959,0.10379362670713202,0.10386473429951691,0.10376213592233009,0.12121212121212122,0.13761745983631404,0.10340632603406326,0.10387643852210782,0.10365853658536585,0.1038135593220339,0.30136360106952403,0.026850484496915135,0.007019975400231318,0.013522459486640902
85,19.224724054336548,1.7254400253295898,0.1074199806013579,0.11039077076704573,1,rbf,200,100,"(1, 1)",100,"(2, 2)","{'union__posngrams__tfidf__ngram_range': (1, 1), 'union__wordngrams__tfidf__ngram_range': (2, 2), 'union__wordngrams__reduce_dim__n_components': 100, 'union__funcwords__reduce_dim__n_components': 100, 'clf__C': 1, 'union__charngrams__reduce_dim__n_components': 200, 'clf__kernel': 'rbf'}",33,0.1037394451145959,0.10379362670713202,0.10386473429951691,0.10376213592233009,0.12242424242424242,0.13670809336162473,0.10340632603406326,0.10387643852210782,0.10365853658536585,0.1038135593220339,0.21956233072081663,0.009956197606012405,0.0075047645828024085,0.01315871432313054
86,23.617856359481813,1.8848010540008544,0.10717749757516974,0.1108151417885674,1,rbf,200,100,"(1, 1)",200,"(1, 1)","{'union__posngrams__tfidf__ngram_range': (1, 1), 'union__wordngrams__tfidf__ngram_range': (1, 1), 'union__wordngrams__reduce_dim__n_components': 200, 'union__funcwords__reduce_dim__n_components': 100, 'clf__C': 1, 'union__charngrams__reduce_dim__n_components': 200, 'clf__kernel': 'rbf'}",35,0.1037394451145959,0.10379362670713202,0.10386473429951691,0.10376213592233009,0.12121212121212122,0.1388299484692331,0.10340632603406326,0.10387643852210782,0.10365853658536585,0.1038135593220339,0.39506649458583076,0.015073457310962652,0.007019975400231318,0.014007453153223253
87,24.44843463897705,1.8874494075775146,0.10693501454898158,0.11039077076704573,1,rbf,200,100,"(1, 1)",200,"(2, 2)","{'union__posngrams__tfidf__ngram_range': (1, 1), 'union__wordngrams__tfidf__ngram_range': (2, 2), 'union__wordngrams__reduce_dim__n_components': 200, 'union__funcwords__reduce_dim__n_components': 100, 'clf__C': 1, 'union__charngrams__reduce_dim__n_components': 200, 'clf__kernel': 'rbf'}",41,0.1037394451145959,0.10379362670713202,0.10386473429951691,0.10376213592233009,0.12,0.13670809336162473,0.10340632603406326,0.10387643852210782,0.10365853658536585,0.1038135593220339,0.5132802968142257,0.00867004504021472,0.006535201557693956,0.01315871432313054
88,19.59714231491089,1.886181354522705,0.10620756547041707,0.11269449916959196,1,rbf,200,100,"(2, 2)",100,"(1, 1)","{'union__posngrams__tfidf__ngram_range': (2, 2), 'union__wordngrams__tfidf__ngram_range': (1, 1), 'union__wordngrams__reduce_dim__n_components': 100, 'union__funcwords__reduce_dim__n_components': 100, 'clf__C': 1, 'union__charngrams__reduce_dim__n_components': 200, 'clf__kernel': 'rbf'}",85,0.1037394451145959,0.10379362670713202,0.10386473429951691,0.10376213592233009,0.11636363636363636,0.14822673537435588,0.10340632603406326,0.10387643852210782,0.10365853658536585,0.1038135593220339,0.2820888538198802,0.007283987808595942,0.005081015977024227,0.01776615737656177
89,20.42920231819153,1.8846951961517333,0.1066925315227934,0.11348261678098934,1,rbf,200,100,"(2, 2)",100,"(2, 2)","{'union__posngrams__tfidf__ngram_range': (2, 2), 'union__wordngrams__tfidf__ngram_range': (2, 2), 'union__wordngrams__reduce_dim__n_components': 100, 'union__funcwords__reduce_dim__n_components': 100, 'clf__C': 1, 'union__charngrams__reduce_dim__n_components': 200, 'clf__kernel': 'rbf'}",53,0.1037394451145959,0.10379362670713202,0.10386473429951691,0.10376213592233009,0.11878787878787879,0.15216732343134284,0.10340632603406326,0.10387643852210782,0.10365853658536585,0.1038135593220339,0.11445257507608095,0.00519323296153327,0.006050446742413617,0.01934238939885536
90,24.621744775772093,2.043885660171509,0.1059650824442289,0.11275512360123789,1,rbf,200,100,"(2, 2)",200,"(1, 1)","{'union__posngrams__tfidf__ngram_range': (2, 2), 'union__wordngrams__tfidf__ngram_range': (1, 1), 'union__wordngrams__reduce_dim__n_components': 200, 'union__funcwords__reduce_dim__n_components': 100, 'clf__C': 1, 'union__charngrams__reduce_dim__n_components': 200, 'clf__kernel': 'rbf'}",102,0.1037394451145959,0.10379362670713202,0.10386473429951691,0.10376213592233009,0.11515151515151516,0.14852985753258563,0.10340632603406326,0.10387643852210782,0.10365853658536585,0.1038135593220339,0.5611723820337278,0.011177326481849348,0.0045963566606247366,0.01788740597363566
91,25.321300172805785,2.0464258670806883,0.1066925315227934,0.11330074348605149,1,rbf,200,100,"(2, 2)",200,"(2, 2)","{'union__posngrams__tfidf__ngram_range': (2, 2), 'union__wordngrams__tfidf__ngram_range': (2, 2), 'union__wordngrams__reduce_dim__n_components': 200, 'union__funcwords__reduce_dim__n_components': 100, 'clf__C': 1, 'union__charngrams__reduce_dim__n_components': 200, 'clf__kernel': 'rbf'}",53,0.1037394451145959,0.10379362670713202,0.10386473429951691,0.10376213592233009,0.11878787878787879,0.15125795695665353,0.10340632603406326,0.10387643852210782,0.10365853658536585,0.1038135593220339,0.4518045903607593,0.01227051728976531,0.006050446742413617,0.0189786435003714
92,20.021949100494385,1.8939638137817383,0.10645004849660523,0.11317949462275956,1,rbf,200,100,"(3, 3)",100,"(1, 1)","{'union__posngrams__tfidf__ngram_range': (3, 3), 'union__wordngrams__tfidf__ngram_range': (1, 1), 'union__wordngrams__reduce_dim__n_components': 100, 'union__funcwords__reduce_dim__n_components': 100, 'clf__C': 1, 'union__charngrams__reduce_dim__n_components': 200, 'clf__kernel': 'rbf'}",70,0.1037394451145959,0.10379362670713202,0.10386473429951691,0.10376213592233009,0.11757575757575757,0.150651712640194,0.10340632603406326,0.10387643852210782,0.10365853658536585,0.1038135593220339,0.23867081315410088,0.021544944715246747,0.005565715926019474,0.018736146249629628
93,20.58132071495056,1.8997467041015625,0.10620756547041707,0.1136644900759272,1,rbf,200,100,"(3, 3)",100,"(2, 2)","{'union__posngrams__tfidf__ngram_range': (3, 3), 'union__wordngrams__tfidf__ngram_range': (2, 2), 'union__wordngrams__reduce_dim__n_components': 100, 'union__funcwords__reduce_dim__n_components': 100, 'clf__C': 1, 'union__charngrams__reduce_dim__n_components': 200, 'clf__kernel': 'rbf'}",85,0.1037394451145959,0.10379362670713202,0.10386473429951691,0.10376213592233009,0.11636363636363636,0.15307668990603213,0.10340632603406326,0.10387643852210782,0.10365853658536585,0.1038135593220339,0.28988140190164247,0.006786563597692251,0.005081015977024227,0.019706135322863458
94,24.40074496269226,2.0643879890441896,0.10572259941804074,0.11336136791769742,1,rbf,200,100,"(3, 3)",200,"(1, 1)","{'union__posngrams__tfidf__ngram_range': (3, 3), 'union__wordngrams__tfidf__ngram_range': (1, 1), 'union__wordngrams__reduce_dim__n_components': 200, 'union__funcwords__reduce_dim__n_components': 100, 'clf__C': 1, 'union__charngrams__reduce_dim__n_components': 200, 'clf__kernel': 'rbf'}",118,0.1037394451145959,0.10379362670713202,0.10386473429951691,0.10376213592233009,0.11393939393939394,0.15156107911488328,0.10340632603406326,0.10387643852210782,0.10365853658536585,0.1038135593220339,0.5151811862518287,0.004150085614962525,0.004111752345147815,0.019099892130273348
95,25.476252460479735,2.0684223651885985,0.1059650824442289,0.11402823666580293,1,rbf,200,100,"(3, 3)",200,"(2, 2)","{'union__posngrams__tfidf__ngram_range': (3, 3), 'union__wordngrams__tfidf__ngram_range': (2, 2), 'union__wordngrams__reduce_dim__n_components': 200, 'union__funcwords__reduce_dim__n_components': 100, 'clf__C': 1, 'union__charngrams__reduce_dim__n_components': 200, 'clf__kernel': 'rbf'}",102,0.1037394451145959,0.10379362670713202,0.10386473429951691,0.10376213592233009,0.11515151515151516,0.15489542285541072,0.10340632603406326,0.10387643852210782,0.10365853658536585,0.1038135593220339,0.19751532315375647,0.01054653489232753,0.0045963566606247366,0.020433627241999736
96,10.581168270111084,1.2327621459960938,0.1440349175557711,0.2176872063334839,10,rbf,100,50,"(1, 1)",100,"(1, 1)","{'union__posngrams__tfidf__ngram_range': (1, 1), 'union__wordngrams__tfidf__ngram_range': (1, 1), 'union__wordngrams__reduce_dim__n_components': 100, 'union__funcwords__reduce_dim__n_components': 50, 'clf__C': 10, 'union__charngrams__reduce_dim__n_components': 100, 'clf__kernel': 'rbf'}",3,0.13510253317249699,0.21547799696509864,0.13768115942028986,0.21268203883495146,0.1393939393939394,0.22279478629887844,0.1411192214111922,0.21895820714718353,0.16707317073170733,0.2185230024213075,0.2691595581059177,0.004449601380863457,0.011648255400169637,0.0034156603751975337
97,11.291635179519654,1.2403055667877196,0.14233753637245392,0.20386535493355767,10,rbf,100,50,"(1, 1)",100,"(2, 2)","{'union__posngrams__tfidf__ngram_range': (1, 1), 'union__wordngrams__tfidf__ngram_range': (2, 2), 'union__wordngrams__reduce_dim__n_components': 100, 'union__funcwords__reduce_dim__n_components': 50, 'clf__C': 10, 'union__charngrams__reduce_dim__n_components': 100, 'clf__kernel': 'rbf'}",5,0.13872135102533173,0.20182094081942337,0.13526570048309178,0.19902912621359223,0.14424242424242426,0.20885116702030918,0.145985401459854,0.2013930950938825,0.1475609756097561,0.20823244552058112,0.20453320579363865,0.005010303449041907,0.004633897586063475,0.0039398123908741395
98,15.50580530166626,1.5555665493011475,0.13845780795344326,0.1920459658482328,10,rbf,100,50,"(1, 1)",200,"(1, 1)","{'union__posngrams__tfidf__ngram_range': (1, 1), 'union__wordngrams__tfidf__ngram_range': (1, 1), 'union__wordngrams__reduce_dim__n_components': 200, 'union__funcwords__reduce_dim__n_components': 50, 'clf__C': 10, 'union__charngrams__reduce_dim__n_components': 100, 'clf__kernel': 'rbf'}",8,0.14595898673100122,0.19028831562974202,0.13285024154589373,0.19114077669902912,0.13333333333333333,0.19399818126705062,0.13990267639902676,0.19382192610539067,0.1402439024390244,0.19098062953995157,0.6702612693515974,0.007920121225211749,0.004891620146147478,0.0015497627568510832
99,16.39584994316101,1.5788091659545898,0.13603297769156159,0.17270515218398824,10,rbf,100,50,"(1, 1)",200,"(2, 2)","{'union__posngrams__tfidf__ngram_range': (1, 1), 'union__wordngrams__tfidf__ngram_range': (2, 2), 'union__wordngrams__reduce_dim__n_components': 200, 'union__funcwords__reduce_dim__n_components': 50, 'clf__C': 10, 'union__charngrams__reduce_dim__n_components': 100, 'clf__kernel': 'rbf'}",12,0.13872135102533173,0.16570561456752655,0.13285024154589373,0.16990291262135923,0.1296969696969697,0.17732646256441345,0.13990267639902676,0.17595396729254997,0.13902439024390245,0.174636803874092,0.16695258291708015,0.02771449858603,0.0040350514518694095,0.004300898996822661
100,11.696288108825684,1.4152875423431397,0.1280310378273521,0.16640426674218184,10,rbf,100,50,"(2, 2)",100,"(1, 1)","{'union__posngrams__tfidf__ngram_range': (2, 2), 'union__wordngrams__tfidf__ngram_range': (1, 1), 'union__wordngrams__reduce_dim__n_components': 100, 'union__funcwords__reduce_dim__n_components': 50, 'clf__C': 10, 'union__charngrams__reduce_dim__n_components': 100, 'clf__kernel': 'rbf'}",15,0.13148371531966224,0.16327769347496207,0.14130434782608695,0.1717233009708738,0.11151515151515151,0.16489845407699302,0.12530413625304138,0.16535433070866143,0.13048780487804879,0.16676755447941888,0.28260334734572207,0.01692555908700056,0.009747799225144294,0.0028833799943276408
101,12.620672273635865,1.4101734161376953,0.12439379243452958,0.15361492294648468,10,rbf,100,50,"(2, 2)",100,"(2, 2)","{'union__posngrams__tfidf__ngram_range': (2, 2), 'union__wordngrams__tfidf__ngram_range': (2, 2), 'union__wordngrams__reduce_dim__n_components': 100, 'union__funcwords__reduce_dim__n_components': 50, 'clf__C': 10, 'union__charngrams__reduce_dim__n_components': 100, 'clf__kernel': 'rbf'}",23,0.13027744270205066,0.1544764795144158,0.13285024154589373,0.1571601941747573,0.11151515151515151,0.1533798120642619,0.12043795620437957,0.1520290732889158,0.12682926829268293,0.15102905569007263,0.30013585375111634,0.006037823348104218,0.0076677864368781545,0.002124529761283552
102,16.678103923797607,1.7179003715515138,0.12560620756547042,0.15118977783474438,10,rbf,100,50,"(2, 2)",200,"(1, 1)","{'union__posngrams__tfidf__ngram_range': (2, 2), 'union__wordngrams__tfidf__ngram_range': (1, 1), 'union__wordngrams__reduce_dim__n_components': 200, 'union__funcwords__reduce_dim__n_components': 50, 'clf__C': 10, 'union__charngrams__reduce_dim__n_components': 100, 'clf__kernel': 'rbf'}",21,0.12907117008443908,0.15083459787556905,0.13285024154589373,0.15594660194174756,0.11272727272727273,0.15004546832373447,0.12895377128953772,0.14990914597213809,0.12439024390243902,0.1492130750605327,0.2227949476970653,0.004335201785188666,0.006975557446127737,0.00243353013009713
103,17.770470333099365,1.7599008560180665,0.12245392822502425,0.14318567055394021,10,rbf,100,50,"(2, 2)",200,"(2, 2)","{'union__posngrams__tfidf__ngram_range': (2, 2), 'union__wordngrams__tfidf__ngram_range': (2, 2), 'union__wordngrams__reduce_dim__n_components': 200, 'union__funcwords__reduce_dim__n_components': 50, 'clf__C': 10, 'union__charngrams__reduce_dim__n_components': 100, 'clf__kernel': 'rbf'}",26,0.12424607961399277,0.14021244309559938,0.12439613526570048,0.14138349514563106,0.11393939393939394,0.15004546832373447,0.12652068126520682,0.1420351302241066,0.12317073170731707,0.14225181598062955,0.3178991067740997,0.04019798155868377,0.004393699839211907,0.003502586774899011
104,11.723232555389405,1.4242453098297119,0.10572259941804074,0.11269449916959196,10,rbf,100,50,"(3, 3)",100,"(1, 1)","{'union__posngrams__tfidf__ngram_range': (3, 3), 'union__wordngrams__tfidf__ngram_range': (1, 1), 'union__wordngrams__reduce_dim__n_components': 100, 'union__funcwords__reduce_dim__n_components': 50, 'clf__C': 10, 'union__charngrams__reduce_dim__n_components': 100, 'clf__kernel': 'rbf'}",118,0.1037394451145959,0.10379362670713202,0.10386473429951691,0.10376213592233009,0.11393939393939394,0.14822673537435588,0.10340632603406326,0.10387643852210782,0.10365853658536585,0.1038135593220339,0.16756717943171084,0.009933855013704166,0.004111752345147815,0.01776615737656177
105,12.69800500869751,1.4339533805847169,0.10572259941804074,0.11305824575946768,10,rbf,100,50,"(3, 3)",100,"(2, 2)","{'union__posngrams__tfidf__ngram_range': (3, 3), 'union__wordngrams__tfidf__ngram_range': (2, 2), 'union__wordngrams__reduce_dim__n_components': 100, 'union__funcwords__reduce_dim__n_components': 50, 'clf__C': 10, 'union__charngrams__reduce_dim__n_components': 100, 'clf__kernel': 'rbf'}",118,0.1037394451145959,0.10379362670713202,0.10386473429951691,0.10376213592233009,0.11393939393939394,0.15004546832373447,0.10340632603406326,0.10387643852210782,0.10365853658536585,0.1038135593220339,0.1557815995496736,0.013088103544202239,0.004111752345147815,0.01849364901136679
106,16.620830917358397,1.7322930812835693,0.1059650824442289,0.11269449916959196,10,rbf,100,50,"(3, 3)",200,"(1, 1)","{'union__posngrams__tfidf__ngram_range': (3, 3), 'union__wordngrams__tfidf__ngram_range': (1, 1), 'union__wordngrams__reduce_dim__n_components': 200, 'union__funcwords__reduce_dim__n_components': 50, 'clf__C': 10, 'union__charngrams__reduce_dim__n_components': 100, 'clf__kernel': 'rbf'}",102,0.1037394451145959,0.10379362670713202,0.10386473429951691,0.10376213592233009,0.11515151515151516,0.14822673537435588,0.10340632603406326,0.10387643852210782,0.10365853658536585,0.1038135593220339,0.4003284929416964,0.008114696443934586,0.0045963566606247366,0.01776615737656177
107,17.62471137046814,1.750167465209961,0.10548011639185258,0.11354324121263529,10,rbf,100,50,"(3, 3)",200,"(2, 2)","{'union__posngrams__tfidf__ngram_range': (3, 3), 'union__wordngrams__tfidf__ngram_range': (2, 2), 'union__wordngrams__reduce_dim__n_components': 200, 'union__funcwords__reduce_dim__n_components': 50, 'clf__C': 10, 'union__charngrams__reduce_dim__n_components': 100, 'clf__kernel': 'rbf'}",135,0.1037394451145959,0.10379362670713202,0.10386473429951691,0.10376213592233009,0.11272727272727273,0.1524704455895726,0.10340632603406326,0.10387643852210782,0.10365853658536585,0.1038135593220339,0.19876446347838966,0.010117971257838641,0.003627225075350725,0.01946363803742604
108,13.074094820022584,1.401475477218628,0.1454898157129001,0.2119903781597904,10,rbf,100,100,"(1, 1)",100,"(1, 1)","{'union__posngrams__tfidf__ngram_range': (1, 1), 'union__wordngrams__tfidf__ngram_range': (1, 1), 'union__wordngrams__reduce_dim__n_components': 100, 'union__funcwords__reduce_dim__n_components': 100, 'clf__C': 10, 'union__charngrams__reduce_dim__n_components': 100, 'clf__kernel': 'rbf'}",1,0.14837153196622438,0.20971168437025797,0.13647342995169082,0.21146844660194175,0.14181818181818182,0.21703546529251289,0.15085158150851583,0.20835857056329496,0.15,0.21337772397094432,0.17418845917075862,0.008194824100451222,0.00551934189236275,0.0030342220397321707
109,13.526636028289795,1.4023845195770264,0.13651794374393791,0.19289261258704474,10,rbf,100,100,"(1, 1)",100,"(2, 2)","{'union__posngrams__tfidf__ngram_range': (1, 1), 'union__wordngrams__tfidf__ngram_range': (2, 2), 'union__wordngrams__reduce_dim__n_components': 100, 'union__funcwords__reduce_dim__n_components': 100, 'clf__C': 10, 'union__charngrams__reduce_dim__n_components': 100, 'clf__kernel': 'rbf'}",11,0.13872135102533173,0.18512898330804248,0.13285024154589373,0.19144417475728157,0.13454545454545455,0.19915125795695665,0.14476885644768855,0.19624470018170806,0.13170731707317074,0.19249394673123488,0.14444357408571398,0.0019679765293844245,0.004756669365713108,0.0047526409353468805
110,18.230181550979616,1.705261516571045,0.14451988360814744,0.1833150093652139,10,rbf,100,100,"(1, 1)",200,"(1, 1)","{'union__posngrams__tfidf__ngram_range': (1, 1), 'union__wordngrams__tfidf__ngram_range': (1, 1), 'union__wordngrams__reduce_dim__n_components': 200, 'union__funcwords__reduce_dim__n_components': 100, 'clf__C': 10, 'union__charngrams__reduce_dim__n_components': 100, 'clf__kernel': 'rbf'}",2,0.1471652593486128,0.17936267071320183,0.14130434782608695,0.18021844660194175,0.13696969696969696,0.18854198241891482,0.1435523114355231,0.18261659600242278,0.15365853658536585,0.18583535108958837,0.28245051386137804,0.009837092432478047,0.0056284020308274745,0.0034458912549334983
111,19.215590906143188,1.7186867237091064,0.13288069835111543,0.16482558565042155,10,rbf,100,100,"(1, 1)",200,"(2, 2)","{'union__posngrams__tfidf__ngram_range': (1, 1), 'union__wordngrams__tfidf__ngram_range': (2, 2), 'union__wordngrams__reduce_dim__n_components': 200, 'union__funcwords__reduce_dim__n_components': 100, 'clf__C': 10, 'union__charngrams__reduce_dim__n_components': 100, 'clf__kernel': 'rbf'}",14,0.14234016887816647,0.15993930197268588,0.12681159420289856,0.1641383495145631,0.12121212121212122,0.16732343134283117,0.13138686131386862,0.16474863718958208,0.14268292682926828,0.16797820823244553,0.25869937538363785,0.012203669938901972,0.008495308864826086,0.002847182642513053
112,14.031963777542114,1.5606691360473632,0.12657613967022308,0.15834280662799058,10,rbf,100,100,"(2, 2)",100,"(1, 1)","{'union__posngrams__tfidf__ngram_range': (2, 2), 'union__wordngrams__tfidf__ngram_range': (1, 1), 'union__wordngrams__reduce_dim__n_components': 100, 'union__funcwords__reduce_dim__n_components': 100, 'clf__C': 10, 'union__charngrams__reduce_dim__n_components': 100, 'clf__kernel': 'rbf'}",18,0.13027744270205066,0.15720789074355082,0.13768115942028986,0.16262135922330098,0.11393939393939394,0.15883601091239768,0.1192214111922141,0.1565717746820109,0.13170731707317074,0.1564769975786925,0.5032457185354289,0.007910194711516709,0.008687687209470194,0.0023002214851562375
113,15.0052339553833,1.5721900939941407,0.1258486905916586,0.15197642630617295,10,rbf,100,100,"(2, 2)",100,"(2, 2)","{'union__posngrams__tfidf__ngram_range': (2, 2), 'union__wordngrams__tfidf__ngram_range': (2, 2), 'union__wordngrams__reduce_dim__n_components': 100, 'union__funcwords__reduce_dim__n_components': 100, 'clf__C': 10, 'union__charngrams__reduce_dim__n_components': 100, 'clf__kernel': 'rbf'}",20,0.12545235223160434,0.14840667678300457,0.1280193236714976,0.1571601941747573,0.11878787878787879,0.15095483479842375,0.13138686131386862,0.15142337976983647,0.12560975609756098,0.15193704600484262,0.20476619650993874,0.0116195918855181,0.004132285922239451,0.0028623634102510577
114,20.520811223983763,1.875859260559082,0.12415130940834142,0.1498546245407945,10,rbf,100,100,"(2, 2)",200,"(1, 1)","{'union__posngrams__tfidf__ngram_range': (2, 2), 'union__wordngrams__tfidf__ngram_range': (1, 1), 'union__wordngrams__reduce_dim__n_components': 200, 'union__funcwords__reduce_dim__n_components': 100, 'clf__C': 10, 'union__charngrams__reduce_dim__n_components': 100, 'clf__kernel': 'rbf'}",24,0.11942098914354644,0.14779969650986344,0.1280193236714976,0.15351941747572814,0.11272727272727273,0.14852985753258563,0.12895377128953772,0.1486977589339794,0.13170731707317074,0.15072639225181597,1.9537067716120053,0.010302105375843189,0.007039830245176464,0.0020739701573791124
115,20.233159732818603,1.8853552341461182,0.11954413191076625,0.13785091502156396,10,rbf,100,100,"(2, 2)",200,"(2, 2)","{'union__posngrams__tfidf__ngram_range': (2, 2), 'union__wordngrams__tfidf__ngram_range': (2, 2), 'union__wordngrams__reduce_dim__n_components': 200, 'union__funcwords__reduce_dim__n_components': 100, 'clf__C': 10, 'union__charngrams__reduce_dim__n_components': 100, 'clf__kernel': 'rbf'}",30,0.12424607961399277,0.1323216995447648,0.12198067632850242,0.13531553398058252,0.11757575757575757,0.1497423461655047,0.11800486618004866,0.1374924288310115,0.11585365853658537,0.1343825665859564,0.3395108600088975,0.006538406610818277,0.0030970223920189534,0.006173564103215018
116,14.332107400894165,1.5778979778289794,0.10645004849660523,0.11269449916959196,10,rbf,100,100,"(3, 3)",100,"(1, 1)","{'union__posngrams__tfidf__ngram_range': (3, 3), 'union__wordngrams__tfidf__ngram_range': (1, 1), 'union__wordngrams__reduce_dim__n_components': 100, 'union__funcwords__reduce_dim__n_components': 100, 'clf__C': 10, 'union__charngrams__reduce_dim__n_components': 100, 'clf__kernel': 'rbf'}",70,0.1037394451145959,0.10379362670713202,0.10386473429951691,0.10376213592233009,0.11757575757575757,0.14822673537435588,0.10340632603406326,0.10387643852210782,0.10365853658536585,0.1038135593220339,0.17046878943515592,0.010092816195947239,0.005565715926019474,0.01776615737656177
117,15.118927907943725,1.5799213886260985,0.1066925315227934,0.11354324121263529,10,rbf,100,100,"(3, 3)",100,"(2, 2)","{'union__posngrams__tfidf__ngram_range': (3, 3), 'union__wordngrams__tfidf__ngram_range': (2, 2), 'union__wordngrams__reduce_dim__n_components': 100, 'union__funcwords__reduce_dim__n_components': 100, 'clf__C': 10, 'union__charngrams__reduce_dim__n_components': 100, 'clf__kernel': 'rbf'}",53,0.1037394451145959,0.10379362670713202,0.10386473429951691,0.10376213592233009,0.11878787878787879,0.1524704455895726,0.10340632603406326,0.10387643852210782,0.10365853658536585,0.1038135593220339,0.19571017705898747,0.004842027884817853,0.006050446742413617,0.01946363803742604
118,20.267988777160646,1.8931978702545167,0.10620756547041707,0.11305824575946768,10,rbf,100,100,"(3, 3)",200,"(1, 1)","{'union__posngrams__tfidf__ngram_range': (3, 3), 'union__wordngrams__tfidf__ngram_range': (1, 1), 'union__wordngrams__reduce_dim__n_components': 200, 'union__funcwords__reduce_dim__n_components': 100, 'clf__C': 10, 'union__charngrams__reduce_dim__n_components': 100, 'clf__kernel': 'rbf'}",85,0.1037394451145959,0.10379362670713202,0.10386473429951691,0.10376213592233009,0.11636363636363636,0.15004546832373447,0.10340632603406326,0.10387643852210782,0.10365853658536585,0.1038135593220339,1.687949299683068,0.012535033922762439,0.005081015977024227,0.01849364901136679
119,20.659256553649904,1.9160979747772218,0.10645004849660523,0.11360386564428124,10,rbf,100,100,"(3, 3)",200,"(2, 2)","{'union__posngrams__tfidf__ngram_range': (3, 3), 'union__wordngrams__tfidf__ngram_range': (2, 2), 'union__wordngrams__reduce_dim__n_components': 200, 'union__funcwords__reduce_dim__n_components': 100, 'clf__C': 10, 'union__charngrams__reduce_dim__n_components': 100, 'clf__kernel': 'rbf'}",70,0.1037394451145959,0.10379362670713202,0.10386473429951691,0.10376213592233009,0.11757575757575757,0.15277356774780237,0.10340632603406326,0.10387643852210782,0.10365853658536585,0.1038135593220339,0.21154953301727067,0.009478324246875197,0.005565715926019474,0.0195848866787792
120,15.601622581481934,1.5541560173034668,0.1374878758486906,0.19428749249125327,10,rbf,200,50,"(1, 1)",100,"(1, 1)","{'union__posngrams__tfidf__ngram_range': (1, 1), 'union__wordngrams__tfidf__ngram_range': (1, 1), 'union__wordngrams__reduce_dim__n_components': 100, 'union__funcwords__reduce_dim__n_components': 50, 'clf__C': 10, 'union__charngrams__reduce_dim__n_components': 200, 'clf__kernel': 'rbf'}",9,0.14957780458383596,0.18998482549317147,0.12681159420289856,0.1941747572815534,0.13454545454545455,0.19399818126705062,0.13260340632603407,0.1980617807389461,0.14390243902439023,0.1952179176755448,0.4100925171431475,0.007310889058935397,0.008181442985461604,0.0025969326640702113
121,16.704284715652467,1.583238124847412,0.13942774005819591,0.17822187168540166,10,rbf,200,50,"(1, 1)",100,"(2, 2)","{'union__posngrams__tfidf__ngram_range': (1, 1), 'union__wordngrams__tfidf__ngram_range': (2, 2), 'union__wordngrams__reduce_dim__n_components': 100, 'union__funcwords__reduce_dim__n_components': 50, 'clf__C': 10, 'union__charngrams__reduce_dim__n_components': 200, 'clf__kernel': 'rbf'}",6,0.1471652593486128,0.17025796661608497,0.13647342995169082,0.17809466019417475,0.1296969696969697,0.18217641709608973,0.13990267639902676,0.17867958812840704,0.14390243902439023,0.18190072639225183,0.19849963430409562,0.021706666002878107,0.006062638600234529,0.004308639516554928
122,20.759513664245606,1.7690548419952392,0.13870029097963144,0.17009973339645063,10,rbf,200,50,"(1, 1)",200,"(1, 1)","{'union__posngrams__tfidf__ngram_range': (1, 1), 'union__wordngrams__tfidf__ngram_range': (1, 1), 'union__wordngrams__reduce_dim__n_components': 200, 'union__funcwords__reduce_dim__n_components': 50, 'clf__C': 10, 'union__charngrams__reduce_dim__n_components': 200, 'clf__kernel': 'rbf'}",7,0.14354644149577805,0.16509863429438543,0.13768115942028986,0.17111650485436894,0.1321212121212121,0.1697484086086693,0.13746958637469586,0.17201695941853423,0.14268292682926828,0.1725181598062954,0.09847350695565552,0.007697217794476252,0.00412845664296147,0.0026718079067333212
123,21.902533340454102,1.786265230178833,0.1280310378273521,0.15136816135001374,10,rbf,200,50,"(1, 1)",200,"(2, 2)","{'union__posngrams__tfidf__ngram_range': (1, 1), 'union__wordngrams__tfidf__ngram_range': (2, 2), 'union__wordngrams__reduce_dim__n_components': 200, 'union__funcwords__reduce_dim__n_components': 50, 'clf__C': 10, 'union__charngrams__reduce_dim__n_components': 200, 'clf__kernel': 'rbf'}",15,0.13268998793727382,0.1471927162367223,0.13043478260869565,0.15351941747572814,0.12121212121212122,0.1497423461655047,0.13138686131386862,0.15021199273167776,0.12439024390243902,0.15617433414043583,0.2696397559948928,0.006536260716679207,0.004439081220748174,0.0031350133202948842
124,17.036749029159544,1.7197398662567138,0.12633365664403493,0.15149168770284954,10,rbf,200,50,"(2, 2)",100,"(1, 1)","{'union__posngrams__tfidf__ngram_range': (2, 2), 'union__wordngrams__tfidf__ngram_range': (1, 1), 'union__wordngrams__reduce_dim__n_components': 100, 'union__funcwords__reduce_dim__n_components': 50, 'clf__C': 10, 'union__charngrams__reduce_dim__n_components': 200, 'clf__kernel': 'rbf'}",19,0.13027744270205066,0.1496206373292868,0.13285024154589373,0.1550364077669903,0.11515151515151516,0.15095483479842375,0.12530413625304138,0.15051483949121744,0.12804878048780488,0.1513317191283293,0.2159417709267314,0.008093324216855581,0.006120698275705653,0.001861929281574603
125,17.6892737865448,1.7323664665222167,0.12269641125121242,0.14536778538939843,10,rbf,200,50,"(2, 2)",100,"(2, 2)","{'union__posngrams__tfidf__ngram_range': (2, 2), 'union__wordngrams__tfidf__ngram_range': (2, 2), 'union__wordngrams__reduce_dim__n_components': 100, 'union__funcwords__reduce_dim__n_components': 50, 'clf__C': 10, 'union__charngrams__reduce_dim__n_components': 200, 'clf__kernel': 'rbf'}",25,0.12665862484921592,0.14203338391502277,0.12198067632850242,0.14441747572815533,0.11515151515151516,0.150651712640194,0.12530413625304138,0.144457904300424,0.12439024390243902,0.14527845036319612,0.19993190251692747,0.010020871161006636,0.004070924224239978,0.002855768659371782
126,21.789077472686767,1.946865940093994,0.12124151309408342,0.14427768351203404,10,rbf,200,50,"(2, 2)",200,"(1, 1)","{'union__posngrams__tfidf__ngram_range': (2, 2), 'union__wordngrams__tfidf__ngram_range': (1, 1), 'union__wordngrams__reduce_dim__n_components': 200, 'union__funcwords__reduce_dim__n_components': 50, 'clf__C': 10, 'union__charngrams__reduce_dim__n_components': 200, 'clf__kernel': 'rbf'}",28,0.12303980699638119,0.1408194233687405,0.12439613526570048,0.14654126213592233,0.11272727272727273,0.14822673537435588,0.12530413625304138,0.14324651726226528,0.12073170731707317,0.1425544794188862,0.39767095959619814,0.01880034464922559,0.004526758492092345,0.0027096530478209883
127,23.101501274108887,1.960586166381836,0.11808923375363725,0.13354703398199072,10,rbf,200,50,"(2, 2)",200,"(2, 2)","{'union__posngrams__tfidf__ngram_range': (2, 2), 'union__wordngrams__tfidf__ngram_range': (2, 2), 'union__wordngrams__reduce_dim__n_components': 200, 'union__funcwords__reduce_dim__n_components': 50, 'clf__C': 10, 'union__charngrams__reduce_dim__n_components': 200, 'clf__kernel': 'rbf'}",31,0.11942098914354644,0.1277693474962064,0.12198067632850242,0.12894417475728157,0.11757575757575757,0.150651712640194,0.11678832116788321,0.13113264688067838,0.11463414634146342,0.1292372881355932,0.09019979633993054,0.008038838320922129,0.002482063172537682,0.008620222508803631
128,17.218045806884767,1.7394532680511474,0.10620756547041707,0.11311887019111362,10,rbf,200,50,"(3, 3)",100,"(1, 1)","{'union__posngrams__tfidf__ngram_range': (3, 3), 'union__wordngrams__tfidf__ngram_range': (1, 1), 'union__wordngrams__reduce_dim__n_components': 100, 'union__funcwords__reduce_dim__n_components': 50, 'clf__C': 10, 'union__charngrams__reduce_dim__n_components': 200, 'clf__kernel': 'rbf'}",85,0.1037394451145959,0.10379362670713202,0.10386473429951691,0.10376213592233009,0.11636363636363636,0.15034859048196422,0.10340632603406326,0.10387643852210782,0.10365853658536585,0.1038135593220339,0.17118868276652585,0.00956366877088219,0.005081015977024227,0.018614897628907858
129,17.884776496887206,1.7460605144500732,0.10572259941804074,0.11372511450757314,10,rbf,200,50,"(3, 3)",100,"(2, 2)","{'union__posngrams__tfidf__ngram_range': (3, 3), 'union__wordngrams__tfidf__ngram_range': (2, 2), 'union__wordngrams__reduce_dim__n_components': 100, 'union__funcwords__reduce_dim__n_components': 50, 'clf__C': 10, 'union__charngrams__reduce_dim__n_components': 200, 'clf__kernel': 'rbf'}",118,0.1037394451145959,0.10379362670713202,0.10386473429951691,0.10376213592233009,0.11393939393939394,0.1533798120642619,0.10340632603406326,0.10387643852210782,0.10365853658536585,0.1038135593220339,0.41681704674114745,0.011615803105187486,0.004111752345147815,0.01982738396962873
130,21.93722267150879,1.9494312286376954,0.1066925315227934,0.11311887019111362,10,rbf,200,50,"(3, 3)",200,"(1, 1)","{'union__posngrams__tfidf__ngram_range': (3, 3), 'union__wordngrams__tfidf__ngram_range': (1, 1), 'union__wordngrams__reduce_dim__n_components': 200, 'union__funcwords__reduce_dim__n_components': 50, 'clf__C': 10, 'union__charngrams__reduce_dim__n_components': 200, 'clf__kernel': 'rbf'}",53,0.1037394451145959,0.10379362670713202,0.10386473429951691,0.10376213592233009,0.11878787878787879,0.15034859048196422,0.10340632603406326,0.10387643852210782,0.10365853658536585,0.1038135593220339,0.5375659189455516,0.008420050496924753,0.006050446742413617,0.018614897628907858
131,23.493522453308106,1.968683671951294,0.10548011639185258,0.113906987802511,10,rbf,200,50,"(3, 3)",200,"(2, 2)","{'union__posngrams__tfidf__ngram_range': (3, 3), 'union__wordngrams__tfidf__ngram_range': (2, 2), 'union__wordngrams__reduce_dim__n_components': 200, 'union__funcwords__reduce_dim__n_components': 50, 'clf__C': 10, 'union__charngrams__reduce_dim__n_components': 200, 'clf__kernel': 'rbf'}",135,0.1037394451145959,0.10379362670713202,0.10386473429951691,0.10376213592233009,0.11272727272727273,0.1542891785389512,0.10340632603406326,0.10387643852210782,0.10365853658536585,0.1038135593220339,0.2516026327891147,0.006811470388625483,0.003627225075350725,0.020191129925527566
132,18.4294162273407,1.7082616329193114,0.1425800193986421,0.18501232968231907,10,rbf,200,100,"(1, 1)",100,"(1, 1)","{'union__posngrams__tfidf__ngram_range': (1, 1), 'union__wordngrams__tfidf__ngram_range': (1, 1), 'union__wordngrams__reduce_dim__n_components': 100, 'union__funcwords__reduce_dim__n_components': 100, 'clf__C': 10, 'union__charngrams__reduce_dim__n_components': 200, 'clf__kernel': 'rbf'}",4,0.14475271411338964,0.18148710166919574,0.1388888888888889,0.18052184466019416,0.13333333333333333,0.1915732040012125,0.14963503649635038,0.18413082980012113,0.14634146341463414,0.18734866828087168,0.24111430954038432,0.009284069860769316,0.0057898929233067085,0.004046536301484386
133,18.93921570777893,1.712601375579834,0.13724539282250242,0.16924983156997717,10,rbf,200,100,"(1, 1)",100,"(2, 2)","{'union__posngrams__tfidf__ngram_range': (1, 1), 'union__wordngrams__tfidf__ngram_range': (2, 2), 'union__wordngrams__reduce_dim__n_components': 100, 'union__funcwords__reduce_dim__n_components': 100, 'clf__C': 10, 'union__charngrams__reduce_dim__n_components': 200, 'clf__kernel': 'rbf'}",10,0.14475271411338964,0.15993930197268588,0.13526570048309178,0.16990291262135923,0.13090909090909092,0.17338587450742649,0.1362530413625304,0.17080557238037553,0.13902439024390245,0.17221549636803873,0.3181953728713269,0.009017014708201977,0.004579684315577932,0.004804889688343244
134,23.439554071426393,1.8757472515106202,0.1338506304558681,0.16106694050738649,10,rbf,200,100,"(1, 1)",200,"(1, 1)","{'union__posngrams__tfidf__ngram_range': (1, 1), 'union__wordngrams__tfidf__ngram_range': (1, 1), 'union__wordngrams__reduce_dim__n_components': 200, 'union__funcwords__reduce_dim__n_components': 100, 'clf__C': 10, 'union__charngrams__reduce_dim__n_components': 200, 'clf__kernel': 'rbf'}",13,0.13510253317249699,0.1544764795144158,0.13526570048309178,0.1629247572815534,0.12242424242424242,0.16186723249469537,0.1411192214111922,0.16141732283464566,0.1353658536585366,0.16464891041162227,0.41810310257753663,0.011660238181193248,0.006150041250188911,0.0034779132450738774
135,24.34476318359375,1.8961187839508056,0.12681862269641125,0.1462144181563422,10,rbf,200,100,"(1, 1)",200,"(2, 2)","{'union__posngrams__tfidf__ngram_range': (1, 1), 'union__wordngrams__tfidf__ngram_range': (2, 2), 'union__wordngrams__reduce_dim__n_components': 200, 'union__funcwords__reduce_dim__n_components': 100, 'clf__C': 10, 'union__charngrams__reduce_dim__n_components': 200, 'clf__kernel': 'rbf'}",17,0.12545235223160434,0.1417298937784522,0.1280193236714976,0.14775485436893204,0.11878787878787879,0.141558047893301,0.13503649635036497,0.14839491217443973,0.12682926829268293,0.15163438256658596,0.27493244708275155,0.020880973653933887,0.005198774140745204,0.003957177150918324
136,19.25891284942627,1.8847671508789063,0.12560620756547042,0.15058158550535344,10,rbf,200,100,"(2, 2)",100,"(1, 1)","{'union__posngrams__tfidf__ngram_range': (2, 2), 'union__wordngrams__tfidf__ngram_range': (1, 1), 'union__wordngrams__reduce_dim__n_components': 100, 'union__funcwords__reduce_dim__n_components': 100, 'clf__C': 10, 'union__charngrams__reduce_dim__n_components': 200, 'clf__kernel': 'rbf'}",21,0.12303980699638119,0.14779969650986344,0.13285024154589373,0.15351941747572814,0.11151515151515151,0.15004546832373447,0.12895377128953772,0.14960629921259844,0.13170731707317074,0.15193704600484262,0.1470841824505808,0.01608271320620003,0.007824073508968117,0.0019720872810462726
137,20.212604665756224,1.8806517601013184,0.12221144519883609,0.1396085661228498,10,rbf,200,100,"(2, 2)",100,"(2, 2)","{'union__posngrams__tfidf__ngram_range': (2, 2), 'union__wordngrams__tfidf__ngram_range': (2, 2), 'union__wordngrams__reduce_dim__n_components': 100, 'union__funcwords__reduce_dim__n_components': 100, 'clf__C': 10, 'union__charngrams__reduce_dim__n_components': 200, 'clf__kernel': 'rbf'}",27,0.12665862484921592,0.13444613050075874,0.12560386473429952,0.13561893203883496,0.11878787878787879,0.15186420127311306,0.12165450121654502,0.13961235614778922,0.11829268292682926,0.13650121065375304,0.15762410383340056,0.008424863229275872,0.003427284263454988,0.006362769632613626
138,24.506826162338257,2.0425604820251464,0.12051406401551891,0.13912377233909584,10,rbf,200,100,"(2, 2)",200,"(1, 1)","{'union__posngrams__tfidf__ngram_range': (2, 2), 'union__wordngrams__tfidf__ngram_range': (1, 1), 'union__wordngrams__reduce_dim__n_components': 200, 'union__funcwords__reduce_dim__n_components': 100, 'clf__C': 10, 'union__charngrams__reduce_dim__n_components': 200, 'clf__kernel': 'rbf'}",29,0.12062726176115803,0.13292867981790593,0.12560386473429952,0.13743932038834952,0.11515151515151516,0.15004546832373447,0.12287104622871046,0.13930950938824954,0.11829268292682926,0.1358958837772397,0.3659957806040149,0.011102475902334399,0.0036118052332881003,0.005847285792922008
139,25.28185133934021,2.0594554424285887,0.11372453928225024,0.12784832978889463,10,rbf,200,100,"(2, 2)",200,"(2, 2)","{'union__posngrams__tfidf__ngram_range': (2, 2), 'union__wordngrams__tfidf__ngram_range': (2, 2), 'union__wordngrams__reduce_dim__n_components': 200, 'union__funcwords__reduce_dim__n_components': 100, 'clf__C': 10, 'union__charngrams__reduce_dim__n_components': 200, 'clf__kernel': 'rbf'}",32,0.10856453558504221,0.12078907435508346,0.11956521739130435,0.1204490291262136,0.11878787878787879,0.15095483479842375,0.11435523114355231,0.12447001817080557,0.1073170731707317,0.12257869249394673,0.3323609498846231,0.012980737545007887,0.0050569522864803585,0.011641953254855135
140,19.755347347259523,1.9059762001037597,0.1066925315227934,0.11317949462275956,10,rbf,200,100,"(3, 3)",100,"(1, 1)","{'union__posngrams__tfidf__ngram_range': (3, 3), 'union__wordngrams__tfidf__ngram_range': (1, 1), 'union__wordngrams__reduce_dim__n_components': 100, 'union__funcwords__reduce_dim__n_components': 100, 'clf__C': 10, 'union__charngrams__reduce_dim__n_components': 200, 'clf__kernel': 'rbf'}",53,0.1037394451145959,0.10379362670713202,0.10386473429951691,0.10376213592233009,0.11878787878787879,0.150651712640194,0.10340632603406326,0.10387643852210782,0.10365853658536585,0.1038135593220339,0.16509084986390704,0.011485629430220242,0.006050446742413617,0.018736146249629628
141,20.598386812210084,1.9050029277801515,0.10572259941804074,0.11372511450757314,10,rbf,200,100,"(3, 3)",100,"(2, 2)","{'union__posngrams__tfidf__ngram_range': (3, 3), 'union__wordngrams__tfidf__ngram_range': (2, 2), 'union__wordngrams__reduce_dim__n_components': 100, 'union__funcwords__reduce_dim__n_components': 100, 'clf__C': 10, 'union__charngrams__reduce_dim__n_components': 200, 'clf__kernel': 'rbf'}",118,0.1037394451145959,0.10379362670713202,0.10386473429951691,0.10376213592233009,0.11393939393939394,0.1533798120642619,0.10340632603406326,0.10387643852210782,0.10365853658536585,0.1038135593220339,0.32498970410792705,0.011627842202652196,0.004111752345147815,0.01982738396962873
142,24.63251829147339,2.0666379928588867,0.10572259941804074,0.11330074348605149,10,rbf,200,100,"(3, 3)",200,"(1, 1)","{'union__posngrams__tfidf__ngram_range': (3, 3), 'union__wordngrams__tfidf__ngram_range': (1, 1), 'union__wordngrams__reduce_dim__n_components': 200, 'union__funcwords__reduce_dim__n_components': 100, 'clf__C': 10, 'union__charngrams__reduce_dim__n_components': 200, 'clf__kernel': 'rbf'}",118,0.1037394451145959,0.10379362670713202,0.10386473429951691,0.10376213592233009,0.11393939393939394,0.15125795695665353,0.10340632603406326,0.10387643852210782,0.10365853658536585,0.1038135593220339,0.27124248726517164,0.013474138757493632,0.004111752345147815,0.0189786435003714
143,25.85253825187683,2.0808923721313475,0.1059650824442289,0.113906987802511,10,rbf,200,100,"(3, 3)",200,"(2, 2)","{'union__posngrams__tfidf__ngram_range': (3, 3), 'union__wordngrams__tfidf__ngram_range': (2, 2), 'union__wordngrams__reduce_dim__n_components': 200, 'union__funcwords__reduce_dim__n_components': 100, 'clf__C': 10, 'union__charngrams__reduce_dim__n_components': 200, 'clf__kernel': 'rbf'}",102,0.1037394451145959,0.10379362670713202,0.10386473429951691,0.10376213592233009,0.11515151515151516,0.1542891785389512,0.10340632603406326,0.10387643852210782,0.10365853658536585,0.1038135593220339,0.32330058789188,0.0181908959216377,0.0045963566606247366,0.020191129925527566
